-- MySQL dump 10.16  Distrib 10.1.31-MariaDB, for Win32 (AMD64)
--
-- Host: localhost    Database: laravel_spp
-- ------------------------------------------------------
-- Server version	10.1.31-MariaDB

/*!40101 SET @OLD_CHARACTER_SET_CLIENT=@@CHARACTER_SET_CLIENT */;
/*!40101 SET @OLD_CHARACTER_SET_RESULTS=@@CHARACTER_SET_RESULTS */;
/*!40101 SET @OLD_COLLATION_CONNECTION=@@COLLATION_CONNECTION */;
/*!40101 SET NAMES utf8 */;
/*!40103 SET @OLD_TIME_ZONE=@@TIME_ZONE */;
/*!40103 SET TIME_ZONE='+00:00' */;
/*!40014 SET @OLD_UNIQUE_CHECKS=@@UNIQUE_CHECKS, UNIQUE_CHECKS=0 */;
/*!40014 SET @OLD_FOREIGN_KEY_CHECKS=@@FOREIGN_KEY_CHECKS, FOREIGN_KEY_CHECKS=0 */;
/*!40101 SET @OLD_SQL_MODE=@@SQL_MODE, SQL_MODE='NO_AUTO_VALUE_ON_ZERO' */;
/*!40111 SET @OLD_SQL_NOTES=@@SQL_NOTES, SQL_NOTES=0 */;

--
-- Table structure for table `kas`
--

DROP TABLE IF EXISTS `kas`;
/*!40101 SET @saved_cs_client     = @@character_set_client */;
/*!40101 SET character_set_client = utf8 */;
CREATE TABLE `kas` (
  `id_kas` int(10) unsigned NOT NULL AUTO_INCREMENT,
  `tanggal` date NOT NULL,
  `pemasukan` int(11) NOT NULL,
  `pengeluaran` int(11) NOT NULL,
  `keterangan` text NOT NULL,
  `operator` int(10) unsigned NOT NULL,
  `created_at` timestamp NULL DEFAULT NULL,
  `updated_at` timestamp NULL DEFAULT NULL,
  PRIMARY KEY (`id_kas`),
  KEY `kas_id_user_foreign` (`operator`),
  CONSTRAINT `kas_id_user_foreign` FOREIGN KEY (`operator`) REFERENCES `users` (`id`) ON DELETE NO ACTION ON UPDATE CASCADE
) ENGINE=InnoDB AUTO_INCREMENT=42 DEFAULT CHARSET=latin1;
/*!40101 SET character_set_client = @saved_cs_client */;

--
-- Dumping data for table `kas`
--

LOCK TABLES `kas` WRITE;
/*!40000 ALTER TABLE `kas` DISABLE KEYS */;
INSERT INTO `kas` (`id_kas`, `tanggal`, `pemasukan`, `pengeluaran`, `keterangan`, `operator`, `created_at`, `updated_at`) VALUES (1,'2018-08-08',200000,0,'Sumbangan Masjid',1,'2018-08-08 05:48:54','2018-08-08 05:48:54'),(2,'2018-08-08',20000,0,'asd',1,'2018-08-08 05:50:20','2018-08-08 05:50:20'),(3,'2018-08-10',225,0,'1Pembayaran Samodraas',1,'2018-08-09 18:18:26','2018-08-09 18:18:26'),(4,'2018-08-10',675000,0,'3 BulanPembayaran Samodraas',1,'2018-08-09 18:21:14','2018-08-09 18:21:14'),(5,'2018-08-17',450000,0,'2 BulanPembayaran Ocie Von',1,'2018-08-16 23:54:58','2018-08-16 23:54:58'),(6,'2018-08-17',225000,0,'1 BulanPembayaran Monique Waters',1,'2018-08-16 23:55:16','2018-08-16 23:55:16'),(7,'2018-08-17',675000,0,'3 BulanPembayaran Johanna Hodkiewicz',1,'2018-08-16 23:55:49','2018-08-16 23:55:49'),(8,'2018-08-17',1125000,0,'5 Bulan Pembayaran Tyshawn Prosacco',1,'2018-08-16 23:57:31','2018-08-16 23:57:31'),(9,'2018-08-17',450000,0,'2 Bulan Pembayaran Eduardo Weissnat',1,'2018-08-16 23:57:42','2018-08-16 23:57:42'),(10,'2018-08-17',675000,0,'3 Bulan Pembayaran Prof. Ted Pacocha',1,'2018-08-16 23:57:56','2018-08-16 23:57:56'),(11,'2018-08-17',450000,0,'2 Bulan Pembayaran Tessie Heidenreich',1,'2018-08-16 23:58:22','2018-08-16 23:58:22'),(12,'2018-08-17',225000,0,'1 Bulan Pembayaran Raphael Mayert',1,'2018-08-16 23:58:33','2018-08-16 23:58:33'),(13,'2018-08-17',225000,0,'1 Bulan Pembayaran Jeffery Macejkovic MD',1,'2018-08-16 23:58:44','2018-08-16 23:58:44'),(14,'2018-08-17',450000,0,'2 Bulan Pembayaran Abel Greenfelder',1,'2018-08-17 00:00:08','2018-08-17 00:00:08'),(15,'2018-08-17',450000,0,'2 Bulan Pembayaran Mrs. Selena Corkery I',1,'2018-08-17 00:00:22','2018-08-17 00:00:22'),(16,'2018-08-17',450000,0,'2 Bulan Pembayaran Mr. Titus Lesch I',1,'2018-08-17 00:00:34','2018-08-17 00:00:34'),(17,'2018-08-17',675000,0,'3 Bulan Pembayaran Kayla Torphy V',1,'2018-08-17 00:01:23','2018-08-17 00:01:23'),(18,'2018-08-17',450000,0,'2 Bulan Pembayaran Jesse Gutmann I',1,'2018-08-17 00:01:36','2018-08-17 00:01:36'),(19,'2018-08-17',225000,0,'1 Bulan Pembayaran Nichole Greenholt',1,'2018-08-17 00:01:49','2018-08-17 00:01:49'),(20,'2018-08-17',225000,0,'1 Bulan Pembayaran Miss Katlynn Rippin IV',1,'2018-08-17 00:01:59','2018-08-17 00:01:59'),(21,'2018-08-17',1800000,0,'8 Bulan Pembayaran Ruben Schroeder',1,'2018-08-17 00:04:14','2018-08-17 00:04:14'),(22,'2018-08-17',900000,0,'4 Bulan Pembayaran Adelle Reinger',1,'2018-08-17 00:04:23','2018-08-17 00:04:23'),(23,'2018-08-17',225000,0,'1 Bulan Pembayaran Mr. Flavio Schimmel Sr.',1,'2018-08-17 00:04:36','2018-08-17 00:04:36'),(24,'2018-08-17',450000,0,'2 Bulan Pembayaran Abel Greenfelder',1,'2018-08-17 00:05:23','2018-08-17 00:05:23'),(25,'2018-08-17',450000,0,'2 Bulan Pembayaran Pete Bechtelar',1,'2018-08-17 00:05:34','2018-08-17 00:05:34'),(26,'2018-08-17',900000,0,'4 Bulan Pembayaran Leanna DuBuque',1,'2018-08-17 00:06:35','2018-08-17 00:06:35'),(27,'2018-08-17',225000,0,'1 Bulan Pembayaran Cole Rath DVM',1,'2018-08-17 00:06:56','2018-08-17 00:06:56'),(28,'2018-08-17',225000,0,'1 Bulan Pembayaran Mr. Earnest Gislason V',1,'2018-08-17 00:07:06','2018-08-17 00:07:06'),(29,'2018-08-17',450000,0,'2 Bulan Pembayaran Prof. Colleen Thompson DDS',1,'2018-08-17 00:07:51','2018-08-17 00:07:51'),(30,'2018-08-17',225000,0,'1 Bulan Pembayaran Gregorio Mills',1,'2018-08-17 00:08:17','2018-08-17 00:08:17'),(31,'2018-08-17',225000,0,'1 Bulan Pembayaran Prof. Samson Corkery PhD',1,'2018-08-17 00:08:28','2018-08-17 00:08:28'),(32,'2018-08-17',225000,0,'1 Bulan Pembayaran Jaylan Wunsch',1,'2018-08-17 00:08:40','2018-08-17 00:08:40'),(33,'2018-08-17',450000,0,'2 Bulan Pembayaran Kayla Torphy V',1,'2018-08-17 00:08:54','2018-08-17 00:08:54'),(34,'2018-08-17',450000,0,'2 Bulan Pembayaran Jeremy Rau',1,'2018-08-17 00:09:13','2018-08-17 00:09:13'),(35,'2018-08-17',450000,0,'2 Bulan Pembayaran Cole Rath DVM',1,'2018-08-17 00:10:15','2018-08-17 00:10:15'),(36,'2018-08-17',225000,0,'1 Bulan Pembayaran Ms. Melody Bechtelar III',1,'2018-08-17 00:10:31','2018-08-17 00:10:31'),(37,'2018-08-17',225000,0,'1 Bulan Pembayaran Jeffery Macejkovic MD',1,'2018-08-17 00:10:48','2018-08-17 00:10:48'),(38,'2018-08-17',225000,0,'1 Bulan Pembayaran Abel Greenfelder',1,'2018-08-17 00:11:35','2018-08-17 00:11:35'),(39,'2018-08-17',225000,0,'1 Bulan Pembayaran Loy DuBuque',1,'2018-08-17 00:12:10','2018-08-17 00:12:10'),(40,'2018-08-17',450000,0,'2 Bulan Pembayaran Chet Wisozk',1,'2018-08-17 00:12:19','2018-08-17 00:12:19'),(41,'2018-08-17',450000,0,'2 Bulan Pembayaran Prof. Colleen Thompson DDS',1,'2018-08-17 00:12:29','2018-08-17 00:12:29');
/*!40000 ALTER TABLE `kas` ENABLE KEYS */;
UNLOCK TABLES;

--
-- Table structure for table `kelas`
--

DROP TABLE IF EXISTS `kelas`;
/*!40101 SET @saved_cs_client     = @@character_set_client */;
/*!40101 SET character_set_client = utf8 */;
CREATE TABLE `kelas` (
  `id_kelas` int(10) unsigned NOT NULL AUTO_INCREMENT,
  `kelas` varchar(191) COLLATE utf8mb4_unicode_ci NOT NULL,
  `jurusan` varchar(191) COLLATE utf8mb4_unicode_ci NOT NULL,
  `letter` varchar(191) COLLATE utf8mb4_unicode_ci NOT NULL,
  `keterangan` text COLLATE utf8mb4_unicode_ci,
  `created_at` timestamp NULL DEFAULT NULL,
  `updated_at` timestamp NULL DEFAULT NULL,
  PRIMARY KEY (`id_kelas`)
) ENGINE=InnoDB AUTO_INCREMENT=11222 DEFAULT CHARSET=utf8mb4 COLLATE=utf8mb4_unicode_ci;
/*!40101 SET character_set_client = @saved_cs_client */;

--
-- Dumping data for table `kelas`
--

LOCK TABLES `kelas` WRITE;
/*!40000 ALTER TABLE `kelas` DISABLE KEYS */;
INSERT INTO `kelas` (`id_kelas`, `kelas`, `jurusan`, `letter`, `keterangan`, `created_at`, `updated_at`) VALUES (11111,'XI','Rekayasa Perangkat Lunak','C','asdsad','2018-08-07 04:56:24','2018-08-07 04:56:24'),(11126,'X','Rekayasa Perangkat Lunak','A','X Rekayasa Perangkat Lunak A','2018-08-16 20:25:07','2018-08-16 20:25:07'),(11127,'X','Rekayasa Perangkat Lunak','B','X Rekayasa Perangkat Lunak B','2018-08-16 20:25:08','2018-08-16 20:25:08'),(11128,'X','Rekayasa Perangkat Lunak','C','X Rekayasa Perangkat Lunak C','2018-08-16 20:25:08','2018-08-16 20:25:08'),(11130,'X','Teknik Gambar Bangunan','A','X Teknik Gambar Bangunan A','2018-08-16 20:25:08','2018-08-16 20:25:08'),(11131,'X','Teknik Gambar Bangunan','B','X Teknik Gambar Bangunan B','2018-08-16 20:25:08','2018-08-16 20:25:08'),(11132,'X','Teknik Gambar Bangunan','C','X Teknik Gambar Bangunan C','2018-08-16 20:25:08','2018-08-16 20:25:08'),(11134,'X','Teknik Elektronika Industri','A','X Teknik Elektronika Industri A','2018-08-16 20:25:08','2018-08-16 20:25:08'),(11135,'X','Teknik Elektronika Industri','B','X Teknik Elektronika Industri B','2018-08-16 20:25:08','2018-08-16 20:25:08'),(11138,'X','Teknik Otomasi Industri','A','X Teknik Otomasi Industri A','2018-08-16 20:25:08','2018-08-16 20:25:08'),(11139,'X','Teknik Otomasi Industri','B','X Teknik Otomasi Industri B','2018-08-16 20:25:08','2018-08-16 20:25:08'),(11142,'X','Teknik Sepeda Motor','A','X Teknik Sepeda Motor A','2018-08-16 20:25:08','2018-08-16 20:25:08'),(11143,'X','Teknik Sepeda Motor','B','X Teknik Sepeda Motor B','2018-08-16 20:25:08','2018-08-16 20:25:08'),(11146,'X','Teknik Las','A','X Teknik Las A','2018-08-16 20:25:08','2018-08-16 20:25:08'),(11150,'X','Teknik Permesinan','A','X Teknik Permesinan A','2018-08-16 20:25:08','2018-08-16 20:25:08'),(11151,'X','Teknik Permesinan','B','X Teknik Permesinan B','2018-08-16 20:25:08','2018-08-16 20:25:08'),(11152,'X','Teknik Permesinan','C','X Teknik Permesinan C','2018-08-16 20:25:08','2018-08-16 20:25:08'),(11153,'X','Teknik Permesinan','D','X Teknik Permesinan D','2018-08-16 20:25:08','2018-08-16 20:25:08'),(11154,'X','Teknik Konstruksi Kayu','A','X Teknik Konstruksi Kayu A','2018-08-16 20:25:08','2018-08-16 20:25:08'),(11155,'X','Teknik Konstruksi Kayu','B','X Teknik Konstruksi Kayu B','2018-08-16 20:25:08','2018-08-16 20:25:08'),(11158,'XI','Rekayasa Perangkat Lunak','A','XI Rekayasa Perangkat Lunak A','2018-08-16 20:25:08','2018-08-16 20:25:08'),(11159,'XI','Rekayasa Perangkat Lunak','B','XI Rekayasa Perangkat Lunak B','2018-08-16 20:25:09','2018-08-16 20:25:09'),(11162,'XI','Teknik Gambar Bangunan','A','XI Teknik Gambar Bangunan A','2018-08-16 20:25:09','2018-08-16 20:25:09'),(11163,'XI','Teknik Gambar Bangunan','B','XI Teknik Gambar Bangunan B','2018-08-16 20:25:09','2018-08-16 20:25:09'),(11164,'XI','Teknik Gambar Bangunan','C','XI Teknik Gambar Bangunan C','2018-08-16 20:25:09','2018-08-16 20:25:09'),(11166,'XI','Teknik Elektronika Industri','A','XI Teknik Elektronika Industri A','2018-08-16 20:25:09','2018-08-16 20:25:09'),(11167,'XI','Teknik Elektronika Industri','B','XI Teknik Elektronika Industri B','2018-08-16 20:25:09','2018-08-16 20:25:09'),(11170,'XI','Teknik Otomasi Industri','A','XI Teknik Otomasi Industri A','2018-08-16 20:25:09','2018-08-16 20:25:09'),(11171,'XI','Teknik Otomasi Industri','B','XI Teknik Otomasi Industri B','2018-08-16 20:25:09','2018-08-16 20:25:09'),(11174,'XI','Teknik Sepeda Motor','A','XI Teknik Sepeda Motor A','2018-08-16 20:25:09','2018-08-16 20:25:09'),(11175,'XI','Teknik Sepeda Motor','B','XI Teknik Sepeda Motor B','2018-08-16 20:25:09','2018-08-16 20:25:09'),(11178,'XI','Teknik Las','A','XI Teknik Las A','2018-08-16 20:25:09','2018-08-16 20:25:09'),(11182,'XI','Teknik Permesinan','A','XI Teknik Permesinan A','2018-08-16 20:25:09','2018-08-16 20:25:09'),(11183,'XI','Teknik Permesinan','B','XI Teknik Permesinan B','2018-08-16 20:25:09','2018-08-16 20:25:09'),(11184,'XI','Teknik Permesinan','C','XI Teknik Permesinan C','2018-08-16 20:25:09','2018-08-16 20:25:09'),(11185,'XI','Teknik Permesinan','D','XI Teknik Permesinan D','2018-08-16 20:25:09','2018-08-16 20:25:09'),(11186,'XI','Teknik Konstruksi Kayu','A','XI Teknik Konstruksi Kayu A','2018-08-16 20:25:09','2018-08-16 20:25:09'),(11187,'XI','Teknik Konstruksi Kayu','B','XI Teknik Konstruksi Kayu B','2018-08-16 20:25:09','2018-08-16 20:25:09'),(11190,'XII','Rekayasa Perangkat Lunak','A','XII Rekayasa Perangkat Lunak A','2018-08-16 20:25:09','2018-08-16 20:25:09'),(11191,'XII','Rekayasa Perangkat Lunak','B','XII Rekayasa Perangkat Lunak B','2018-08-16 20:25:09','2018-08-16 20:25:09'),(11192,'XII','Rekayasa Perangkat Lunak','C','XII Rekayasa Perangkat Lunak C','2018-08-16 20:25:09','2018-08-16 20:25:09'),(11194,'XII','Teknik Gambar Bangunan','A','XII Teknik Gambar Bangunan A','2018-08-16 20:25:09','2018-08-16 20:25:09'),(11195,'XII','Teknik Gambar Bangunan','B','XII Teknik Gambar Bangunan B','2018-08-16 20:25:09','2018-08-16 20:25:09'),(11196,'XII','Teknik Gambar Bangunan','C','XII Teknik Gambar Bangunan C','2018-08-16 20:25:10','2018-08-16 20:25:10'),(11198,'XII','Teknik Elektronika Industri','A','XII Teknik Elektronika Industri A','2018-08-16 20:25:10','2018-08-16 20:25:10'),(11199,'XII','Teknik Elektronika Industri','B','XII Teknik Elektronika Industri B','2018-08-16 20:25:10','2018-08-16 20:25:10'),(11202,'XII','Teknik Otomasi Industri','A','XII Teknik Otomasi Industri A','2018-08-16 20:25:10','2018-08-16 20:25:10'),(11203,'XII','Teknik Otomasi Industri','B','XII Teknik Otomasi Industri B','2018-08-16 20:25:10','2018-08-16 20:25:10'),(11206,'XII','Teknik Sepeda Motor','A','XII Teknik Sepeda Motor A','2018-08-16 20:25:10','2018-08-16 20:25:10'),(11207,'XII','Teknik Sepeda Motor','B','XII Teknik Sepeda Motor B','2018-08-16 20:25:10','2018-08-16 20:25:10'),(11210,'XII','Teknik Las','A','XII Teknik Las A','2018-08-16 20:25:10','2018-08-16 20:25:10'),(11214,'XII','Teknik Permesinan','A','XII Teknik Permesinan A','2018-08-16 20:25:10','2018-08-16 20:25:10'),(11215,'XII','Teknik Permesinan','B','XII Teknik Permesinan B','2018-08-16 20:25:10','2018-08-16 20:25:10'),(11216,'XII','Teknik Permesinan','C','XII Teknik Permesinan C','2018-08-16 20:25:10','2018-08-16 20:25:10'),(11217,'XII','Teknik Permesinan','D','XII Teknik Permesinan D','2018-08-16 20:25:10','2018-08-16 20:25:10'),(11218,'XII','Teknik Konstruksi Kayu','A','XII Teknik Konstruksi Kayu A','2018-08-16 20:25:10','2018-08-16 20:25:10'),(11219,'XII','Teknik Konstruksi Kayu','B','XII Teknik Konstruksi Kayu B','2018-08-16 20:25:10','2018-08-16 20:25:10');
/*!40000 ALTER TABLE `kelas` ENABLE KEYS */;
UNLOCK TABLES;

--
-- Table structure for table `migrations`
--

DROP TABLE IF EXISTS `migrations`;
/*!40101 SET @saved_cs_client     = @@character_set_client */;
/*!40101 SET character_set_client = utf8 */;
CREATE TABLE `migrations` (
  `id` int(10) unsigned NOT NULL AUTO_INCREMENT,
  `migration` varchar(191) COLLATE utf8mb4_unicode_ci NOT NULL,
  `batch` int(11) NOT NULL,
  PRIMARY KEY (`id`)
) ENGINE=InnoDB AUTO_INCREMENT=7 DEFAULT CHARSET=utf8mb4 COLLATE=utf8mb4_unicode_ci;
/*!40101 SET character_set_client = @saved_cs_client */;

--
-- Dumping data for table `migrations`
--

LOCK TABLES `migrations` WRITE;
/*!40000 ALTER TABLE `migrations` DISABLE KEYS */;
INSERT INTO `migrations` (`id`, `migration`, `batch`) VALUES (1,'2014_10_12_000000_create_users_table',1),(2,'2014_10_12_100000_create_password_resets_table',1),(3,'2018_08_01_002845_create_tahun_table',1),(4,'2018_08_01_002954_create_kelas_table',1),(5,'2018_08_01_003025_create_siswa_table',1),(6,'2018_08_01_003103_create_transaksi_table',1);
/*!40000 ALTER TABLE `migrations` ENABLE KEYS */;
UNLOCK TABLES;

--
-- Table structure for table `password_resets`
--

DROP TABLE IF EXISTS `password_resets`;
/*!40101 SET @saved_cs_client     = @@character_set_client */;
/*!40101 SET character_set_client = utf8 */;
CREATE TABLE `password_resets` (
  `email` varchar(191) COLLATE utf8mb4_unicode_ci NOT NULL,
  `token` varchar(191) COLLATE utf8mb4_unicode_ci NOT NULL,
  `created_at` timestamp NULL DEFAULT NULL,
  KEY `password_resets_email_index` (`email`)
) ENGINE=InnoDB DEFAULT CHARSET=utf8mb4 COLLATE=utf8mb4_unicode_ci;
/*!40101 SET character_set_client = @saved_cs_client */;

--
-- Dumping data for table `password_resets`
--

LOCK TABLES `password_resets` WRITE;
/*!40000 ALTER TABLE `password_resets` DISABLE KEYS */;
/*!40000 ALTER TABLE `password_resets` ENABLE KEYS */;
UNLOCK TABLES;

--
-- Table structure for table `siswa`
--

DROP TABLE IF EXISTS `siswa`;
/*!40101 SET @saved_cs_client     = @@character_set_client */;
/*!40101 SET character_set_client = utf8 */;
CREATE TABLE `siswa` (
  `id_siswa` int(10) unsigned NOT NULL AUTO_INCREMENT,
  `no_induk` varchar(191) COLLATE utf8mb4_unicode_ci NOT NULL,
  `nama` varchar(191) COLLATE utf8mb4_unicode_ci NOT NULL,
  `tempat_lahir` varchar(191) COLLATE utf8mb4_unicode_ci NOT NULL,
  `tgl_lahir` date NOT NULL,
  `jenis_kelamin` enum('Laki-Laki','Perempuan') COLLATE utf8mb4_unicode_ci NOT NULL,
  `agama` varchar(191) COLLATE utf8mb4_unicode_ci NOT NULL,
  `alamat` varchar(191) COLLATE utf8mb4_unicode_ci NOT NULL,
  `id_kelas` int(10) unsigned NOT NULL,
  `id_tahun` int(10) unsigned NOT NULL,
  `nama_wali` varchar(191) COLLATE utf8mb4_unicode_ci NOT NULL,
  `telepon` varchar(191) COLLATE utf8mb4_unicode_ci NOT NULL,
  `total_spp` int(11) NOT NULL DEFAULT '2700000',
  `status` enum('Lunas','Belum Lunas') COLLATE utf8mb4_unicode_ci NOT NULL DEFAULT 'Belum Lunas',
  `keterangan` text COLLATE utf8mb4_unicode_ci,
  `foto` varchar(191) COLLATE utf8mb4_unicode_ci NOT NULL DEFAULT 'default.jpg',
  `created_at` timestamp NULL DEFAULT NULL,
  `updated_at` timestamp NULL DEFAULT NULL,
  PRIMARY KEY (`id_siswa`),
  UNIQUE KEY `siswa_no_induk_unique` (`no_induk`),
  KEY `siswa_id_kelas_foreign` (`id_kelas`),
  KEY `siswa_id_tahun_foreign` (`id_tahun`),
  CONSTRAINT `siswa_id_kelas_foreign` FOREIGN KEY (`id_kelas`) REFERENCES `kelas` (`id_kelas`) ON DELETE CASCADE ON UPDATE CASCADE,
  CONSTRAINT `siswa_id_tahun_foreign` FOREIGN KEY (`id_tahun`) REFERENCES `tahun` (`id_tahun`) ON DELETE CASCADE ON UPDATE CASCADE
) ENGINE=InnoDB AUTO_INCREMENT=11115 DEFAULT CHARSET=utf8mb4 COLLATE=utf8mb4_unicode_ci;
/*!40101 SET character_set_client = @saved_cs_client */;

--
-- Dumping data for table `siswa`
--

LOCK TABLES `siswa` WRITE;
/*!40000 ALTER TABLE `siswa` DISABLE KEYS */;
INSERT INTO `siswa` (`id_siswa`, `no_induk`, `nama`, `tempat_lahir`, `tgl_lahir`, `jenis_kelamin`, `agama`, `alamat`, `id_kelas`, `id_tahun`, `nama_wali`, `telepon`, `total_spp`, `status`, `keterangan`, `foto`, `created_at`, `updated_at`) VALUES (1,'5905','Mrs. Selena Corkery I','East Lenoraville','2008-03-31','Perempuan','Buddha','114 Mohammad Stream\nEmilymouth, PA 35236',11152,13,'Ms. Yolanda Rogahn V','1-043-589-5946',2250000,'Belum Lunas',NULL,'default.jpg','1981-11-21 23:52:19','1982-06-16 17:06:34'),(2,'8808','Mrs. Amy Auer','Port Jesseburgh','2016-03-23','Perempuan','Hindu','23011 Jones Cape\nRathborough, KY 50892',11139,13,'Devin Glover III','554-507-5375x74422',2700000,'Lunas',NULL,'default.jpg','1974-07-18 13:17:09','1977-01-17 13:14:13'),(3,'7659','Karson Pagac','New Monaville','2011-04-19','Laki-Laki','Islam','90070 Rogahn Grove\nNorth Elvera, AZ 74064-3380',11215,10,'Prof. Murray Bailey','1-796-505-1532x032',2700000,'Lunas',NULL,'default.jpg','1998-11-04 09:47:17','1995-09-15 22:26:13'),(4,'8450','Ocie Von','Rauport','2014-10-11','Laki-Laki','Kristen','4523 Jessyca Circles Apt. 725\nMcGlynnburgh, CA 66585-1537',11174,7,'Candice Lang','394-695-6723',2250000,'Belum Lunas',NULL,'default.jpg','1999-02-13 20:20:41','1985-08-28 21:07:43'),(5,'4045','Dr. London Schuster','Gorczanyhaven','2001-10-20','Laki-Laki','Kong Hu Chu','38417 Collins Isle\nPort Anthonychester, ND 79113',11198,3,'Dr. Jose Hilpert Sr.','996.408.9330x659',2700000,'Lunas',NULL,'default.jpg','2004-07-14 04:12:30','1980-09-19 23:17:10'),(6,'4159','Simeon McDermott DVM','Kingburgh','2003-02-12','Laki-Laki','Kristen','777 Cummerata Fort Apt. 090\nWest Lornastad, GA 73802-0276',11192,11,'Emiliano Carroll','748.042.1761',2700000,'Lunas',NULL,'default.jpg','1989-05-19 18:46:22','2012-05-14 05:25:23'),(7,'5835','Abel Greenfelder','West Kendra','1998-09-06','Laki-Laki','Buddha','0067 Daphney Station\nLeannonshire, FL 23953-8835',11154,13,'Miss Lauren Emard DDS','1-912-394-8899x19136',1575000,'Belum Lunas',NULL,'default.jpg','1987-03-02 03:15:52','2000-10-05 22:15:30'),(8,'6678','Jeremy Rau','West Keatonmouth','2016-03-11','Perempuan','Hindu','961 Schulist Turnpike\nLake Isobel, SD 27618',11111,13,'Patrick Pouros','+18(9)2747477072',2250000,'Belum Lunas',NULL,'default.jpg','2011-03-28 22:30:52','1980-02-21 03:11:13'),(9,'9857','Weston Rempel','Port Genoveva','2016-02-28','Laki-Laki','Buddha','8741 Wiza Drives Suite 519\nPort Darenside, WA 47244-1222',11170,8,'Dorcas Kunde I','(258)080-5429x6025',2700000,'Lunas',NULL,'default.jpg','1991-01-19 07:47:27','1979-04-11 21:54:17'),(10,'5694','Gerda Schumm','Moniquechester','2014-06-21','Perempuan','Kristen','23914 Lina Shoal Suite 214\nLake Staceyland, UT 45542',11170,11,'Cleo Jacobs','1-433-895-9795x148',2700000,'Lunas',NULL,'default.jpg','1996-07-26 11:07:38','2014-10-14 16:01:02'),(11,'6305','Mr. Titus Lesch I','North Elmiraview','2002-10-12','Perempuan','Buddha','651 Flatley Causeway Suite 621\nLessieview, GA 07039-1937',11185,13,'Barrett Dietrich','1-639-819-6952x4238',2250000,'Belum Lunas',NULL,'default.jpg','1977-04-25 10:19:20','1999-08-08 03:25:12'),(12,'4901','Mr. Earnest Gislason V','Alberthaview','2002-05-24','Laki-Laki','Kong Hu Chu','12065 Johnston Trail Apt. 200\nNew Frederiquetown, TX 92067',11217,7,'Timmy Emard','781.252.1818',2475000,'Belum Lunas',NULL,'default.jpg','2014-06-24 08:04:40','1983-09-29 16:23:51'),(13,'9456','Prof. Colleen Thompson DDS','South Daniellamouth','2008-09-23','Perempuan','Islam','3775 Bashirian Mountain Apt. 577\nGinotown, FL 15558-9463',11150,9,'Jacky Roberts','831.160.4893x48114',1800000,'Belum Lunas',NULL,'default.jpg','2006-06-21 05:05:52','1978-08-05 08:20:33'),(14,'7669','Bianka Rowe','Kington','2016-05-07','Laki-Laki','Islam','6630 Everett Union Suite 207\nPort Maudieville, ID 40092',11175,12,'Eladio Kshlerin','(239)031-9806x846',2700000,'Lunas',NULL,'default.jpg','2008-03-13 14:28:43','2006-11-13 18:47:45'),(15,'6379','Adelle Reinger','Corwinstad','1998-10-10','Perempuan','Buddha','209 Connelly Springs\nBayermouth, UT 46439-7858',11214,8,'Ms. Carolyne Bechtelar III','+16(4)3372433583',1800000,'Belum Lunas',NULL,'default.jpg','1977-08-27 12:00:13','1972-02-27 20:21:49'),(16,'4228','Dr. Westley Kulas','Kingview','2011-12-03','Laki-Laki','Katolik','551 Maximillian Street Suite 074\nWest Gusfurt, GA 22031',11183,3,'Vernon O\'Hara','+03(6)9105709881',2700000,'Lunas',NULL,'default.jpg','2004-11-25 04:13:19','1983-08-30 20:14:32'),(17,'7921','Kayla Torphy V','North Buckburgh','1999-05-17','Perempuan','Islam','61078 Armstrong Spur Apt. 870\nPort Alaina, KY 38593',11154,11,'Lavada Wilderman','1-226-736-6660x790',1575000,'Belum Lunas',NULL,'default.jpg','2007-12-14 06:16:59','2000-07-09 02:36:34'),(18,'7678','Evie Kulas','Kassulkeside','2017-02-14','Perempuan','Islam','89112 Yundt Parkway\nKayliburgh, ND 61455-8977',11134,7,'Eleanore Padberg','154-588-1621x7517',2700000,'Lunas',NULL,'default.jpg','1981-04-17 13:17:33','1983-02-04 02:36:16'),(19,'3407','Prof. Roberto Satterfield DDS','Botsfordmouth','2017-03-26','Laki-Laki','Islam','5525 Paul Inlet Suite 606\nWest Kelsiton, ID 86937',11166,10,'Virgil Schaefer','(538)327-1429',2700000,'Lunas',NULL,'default.jpg','1972-11-04 19:05:44','1997-10-06 17:32:54'),(20,'5550','Prof. Samson Corkery PhD','Linahaven','2004-10-03','Perempuan','Islam','2643 Ayana Avenue Apt. 833\nSouth Merritthaven, PA 47195-4814',11182,3,'Linwood Parisian','570-795-0188',2475000,'Belum Lunas',NULL,'default.jpg','1994-03-07 03:04:28','1974-06-02 21:30:34'),(21,'7088','Liliana Schuster','West Keatonburgh','2003-11-27','Laki-Laki','Kong Hu Chu','0014 Jaeden Mountains Suite 125\nPort Othahaven, IL 41781-2179',11206,7,'Dr. Ruben Herman','948.374.6636',2700000,'Lunas',NULL,'default.jpg','1991-09-11 18:43:25','1986-06-30 05:46:20'),(22,'7616','Gregorio Mills','Jameychester','2006-06-09','Laki-Laki','Hindu','582 Homenick Track Apt. 019\nPort Aylinton, VT 43946-1194',11216,3,'Prof. Ola Mosciski','748.103.6690x781',2475000,'Belum Lunas',NULL,'default.jpg','1986-04-11 22:32:55','2016-06-21 04:20:59'),(23,'6679','Mr. Flavio Schimmel Sr.','South Gerardoshire','2006-02-27','Perempuan','Islam','37230 Leannon Flats Apt. 562\nWest Trudie, VT 67887',11146,13,'Curt Schiller','888-986-6295x719',2475000,'Belum Lunas',NULL,'default.jpg','1998-07-03 20:51:26','1992-05-07 22:27:52'),(24,'9168','Cole Rath DVM','Brownview','2001-06-29','Laki-Laki','Kong Hu Chu','3212 Kautzer Inlet\nPort Duaneburgh, SC 22373',11135,11,'Mrs. Princess Pfannerstill','(750)205-0768',2025000,'Belum Lunas',NULL,'default.jpg','1987-08-10 12:11:47','2011-09-02 19:41:29'),(25,'3820','Claude Armstrong','Marjolainefort','2012-02-22','Laki-Laki','Islam','44900 Kshlerin Union Suite 273\nJuliannefort, FL 65265',11158,10,'Stevie Greenholt Jr.','652-540-0145x65177',2700000,'Belum Lunas',NULL,'default.jpg','1988-06-13 00:38:09','2010-03-17 12:21:10'),(26,'4714','Jeffery Macejkovic MD','Murielfort','2014-04-15','Perempuan','Islam','249 Idell Radial\nSouth Abagail, DE 43998',11166,13,'Daryl Lemke','(991)452-9585x5348',2250000,'Belum Lunas',NULL,'default.jpg','2004-03-15 04:57:10','2001-03-30 16:57:57'),(27,'6056','Macy Stiedemann','South Shannyville','2017-06-14','Perempuan','Kong Hu Chu','3954 Rachelle Prairie\nCormierborough, MD 08025-2274',11178,8,'Meagan Ruecker','+02(0)5552958166',2700000,'Lunas',NULL,'default.jpg','1976-09-20 20:07:50','1984-12-31 05:56:54'),(28,'6145','Ruben Schroeder','Romanport','2004-03-27','Perempuan','Buddha','18429 Arlo Shore\nHarrisport, RI 54167-6205',11146,12,'Omer Simonis','1-649-005-0069x76144',900000,'Belum Lunas',NULL,'default.jpg','1976-09-23 21:23:57','2016-12-01 09:35:28'),(29,'5959','Antonetta Emard','Gusikowskitown','2006-12-04','Laki-Laki','Katolik','350 Jairo Throughway Apt. 390\nLehnertown, CO 79904-7209',11210,11,'Keely Douglas','(070)411-5088x0923',2700000,'Lunas',NULL,'default.jpg','1991-08-03 22:15:23','1992-06-03 06:41:09'),(30,'8964','Jeffrey O\'Reilly','East Adolfo','2005-09-21','Laki-Laki','Kristen','062 Cornell Square Suite 249\nLake Allisonchester, NE 06489',11191,12,'Mr. Helmer Hackett','550-748-4520',2700000,'Belum Lunas',NULL,'default.jpg','1987-12-07 20:57:10','2005-01-24 17:54:20'),(31,'3161','Hannah Cole II','South Vincefurt','2005-06-14','Perempuan','Kong Hu Chu','4049 Little Field\nKhalilshire, WI 76420-0518',11132,7,'Prof. Elijah Lemke Sr.','(437)117-5071',2700000,'Lunas',NULL,'default.jpg','1979-06-29 05:59:41','2012-10-27 08:24:47'),(32,'6108','Jesse Gutmann I','Garretchester','2009-02-27','Laki-Laki','Islam','6235 Lehner Island Apt. 608\nNorth Rubieborough, MT 97720-1210',11218,8,'Coy Yost','898.135.1619x3642',2250000,'Belum Lunas',NULL,'default.jpg','2014-10-01 11:57:00','1972-07-20 07:40:28'),(33,'4695','Prof. Ted Pacocha','Nakiafurt','2003-06-10','Perempuan','Kristen','6581 Kub Lake Apt. 391\nLandenbury, MN 07025-5538',11128,3,'Sabrina Stokes III','1-432-556-4598x21299',2025000,'Belum Lunas',NULL,'default.jpg','1982-10-14 04:26:40','1977-01-25 19:20:17'),(34,'5556','Lonie Wiza','Lydiaport','2013-04-04','Perempuan','Islam','0804 Gino Lane\nAnastasiafort, NH 77201-9573',11191,9,'Prof. Elias Ziemann','+27(0)0738980723',2700000,'Lunas',NULL,'default.jpg','2007-08-23 02:29:17','1984-10-22 19:58:25'),(35,'6547','Monique Waters','Hayleyborough','2009-02-11','Laki-Laki','Katolik','84613 Genoveva Vista Suite 127\nMannshire, MT 77070-8364',11198,7,'Pearlie Bashirian DVM','07438594165',2475000,'Belum Lunas',NULL,'default.jpg','1985-07-21 12:18:30','2009-04-16 21:34:40'),(36,'8029','Miss Katlynn Rippin IV','North Rupertview','2005-06-01','Laki-Laki','Hindu','8970 Fay Plaza Apt. 105\nOsvaldoshire, IA 44882-4125',11192,10,'Maybelle Leannon','387-725-6624x315',2475000,'Belum Lunas',NULL,'default.jpg','1994-03-07 19:01:43','2000-08-05 10:05:21'),(37,'7344','Tessie Heidenreich','New Cletaton','2006-11-21','Perempuan','Buddha','60048 Khalid Cove Apt. 123\nHeidenreichburgh, OK 82117',11175,10,'Dr. Audreanne Kuhn Jr.','444-964-9579',2250000,'Belum Lunas',NULL,'default.jpg','1986-09-19 19:15:12','2006-01-11 17:14:53'),(38,'5093','Miss Chelsea Price','Jeramiestad','2000-12-14','Laki-Laki','Kong Hu Chu','616 Tremblay Ranch\nColeberg, GA 58311-3818',11202,11,'Mr. Lowell Langworth DDS','(711)186-2306x259',2700000,'Belum Lunas',NULL,'default.jpg','2000-01-17 22:10:08','1983-02-25 00:16:19'),(39,'9447','Pete Bechtelar','Godfreychester','2007-02-19','Perempuan','Katolik','61259 Bahringer Rapid\nGerdaland, MT 64927',11184,13,'Ahmad D\'Amore','962.596.9128',2250000,'Belum Lunas',NULL,'default.jpg','1981-11-10 17:28:44','1972-03-13 15:50:28'),(40,'8139','Thurman Beer','Port Cyrilville','2000-06-16','Laki-Laki','Islam','666 Mosciski Motorway Apt. 133\nLake Elvis, NY 51974-7475',11171,13,'Dr. Vanessa Waelchi','318.613.9089x901',2700000,'Lunas',NULL,'default.jpg','1978-01-26 12:10:52','1975-02-10 07:20:44'),(41,'5068','Prof. Mabel Hirthe DDS','Thielmouth','2004-01-31','Perempuan','Islam','2430 Cummerata Cove Apt. 845\nFriedaview, GA 70421-2137',11183,13,'Dorris Klocko','+08(8)3201441698',2700000,'Lunas',NULL,'default.jpg','1978-08-20 02:36:23','2002-04-29 03:23:54'),(42,'8707','Donavon Frami','Baileyborough','2011-11-30','Laki-Laki','Kristen','1593 Marty Isle Suite 366\nPort Rubyefurt, NJ 53147',11217,3,'Delphine McCullough','1-960-270-1107',2700000,'Lunas',NULL,'default.jpg','1972-12-12 11:20:30','2015-10-03 17:24:48'),(43,'3504','Suzanne Murphy','Angelohaven','2017-01-02','Perempuan','Katolik','650 Judd Camp Suite 584\nEast Brady, NC 06936',11158,3,'Kristy Walter','(814)597-3502',2700000,'Belum Lunas',NULL,'default.jpg','1995-10-25 09:47:42','1987-02-23 11:00:27'),(44,'6169','Rasheed Balistreri','Sunnyburgh','2008-09-23','Perempuan','Katolik','581 Mills Junction Suite 587\nNew Daisha, OK 21834-4915',11217,7,'Alverta Stiedemann PhD','(394)430-1129x553',2700000,'Belum Lunas',NULL,'default.jpg','1985-10-15 13:26:44','1976-03-14 11:44:25'),(45,'9133','Ms. Viviane Stokes','Port Zenaton','2008-08-07','Laki-Laki','Islam','912 Ward Mill\nLangoshfort, SD 05775-7011',11217,10,'Boyd Schinner','030.573.0018',2700000,'Lunas',NULL,'default.jpg','2017-11-26 20:58:14','2001-08-07 02:23:56'),(46,'5487','Mrs. Joyce Wilkinson PhD','West Pamela','2002-08-12','Laki-Laki','Katolik','77389 Jordane Plain Suite 233\nNorth Randallfort, RI 02343',11126,1,'Wilson Dicki','(290)582-4128x5783',2700000,'Belum Lunas',NULL,'default.jpg','1991-06-07 05:01:23','1975-10-31 02:01:59'),(47,'5848','Laverne Durgan','Dewaynestad','2008-04-24','Laki-Laki','Buddha','536 Fisher Corner\nWest Ignaciochester, MN 67572-3504',11215,1,'Pamela Macejkovic','499.418.7381x77927',2700000,'Lunas',NULL,'default.jpg','1976-02-08 02:55:26','2011-04-07 07:03:02'),(48,'9621','Ms. Melody Bechtelar III','West Rosellaview','2017-04-09','Laki-Laki','Islam','4369 Cole Hollow\nPort Osbornestad, AZ 14438-0362',11174,13,'Korey Hermiston','904-860-9580x722',2475000,'Belum Lunas',NULL,'default.jpg','2015-11-11 09:48:41','2007-11-14 06:00:35'),(49,'6708','Dr. Judge Hessel I','Lake Nickville','2015-03-05','Laki-Laki','Islam','245 Simonis Shoal Apt. 645\nPort Edwardfurt, SC 85532-1229',11134,3,'Jefferey Dickens','1-632-113-7506',2700000,'Belum Lunas',NULL,'default.jpg','1994-11-22 11:15:07','1976-03-16 16:14:19'),(50,'9931','Kasandra Bahringer','South Bryonfort','2000-02-22','Perempuan','Kong Hu Chu','497 Volkman Greens\nMcCulloughborough, ND 94440-3796',11167,13,'Dr. Archibald Gerhold I','505-704-4278',2700000,'Belum Lunas',NULL,'default.jpg','2004-09-04 03:29:13','2013-05-19 02:03:00'),(51,'3679','Dr. Danny Daniel V','Oberbrunnerland','2001-04-06','Laki-Laki','Buddha','167 Toy Lake Apt. 696\nCasperside, NY 10370-1461',11167,3,'Monica Baumbach','078.090.3285x16621',2700000,'Belum Lunas',NULL,'default.jpg','1997-05-09 00:28:04','1977-11-21 21:51:32'),(52,'5379','Kade Lockman','Lake Susanashire','1998-12-02','Perempuan','Katolik','2207 Howe Stream Suite 044\nNorth Leanne, SD 17380',11175,1,'Alaina Block PhD','1-013-623-5285x51299',2700000,'Lunas',NULL,'default.jpg','2014-05-11 15:21:58','1973-02-09 10:55:32'),(53,'8466','Nichole Greenholt','Port Juston','2015-11-07','Perempuan','Buddha','0991 Whitney Ranch Apt. 116\nNorth Lennyton, UT 51473-6639',11203,8,'Jackie Skiles','1-100-273-4033',2475000,'Belum Lunas',NULL,'default.jpg','1974-10-23 09:25:05','1971-09-27 21:04:59'),(54,'9776','Bo Wisoky DVM','South Coleman','2017-09-07','Perempuan','Islam','807 Fae Ports Suite 876\nAurelieview, MN 63249',11198,8,'Janae Hane','+24(2)5023029980',2700000,'Lunas',NULL,'default.jpg','1977-08-29 12:59:48','1986-11-07 00:50:54'),(55,'9684','Zelda Larson','Dollymouth','2012-06-27','Perempuan','Hindu','85953 Connelly Flats Suite 258\nBergnaummouth, SD 16843-9801',11153,7,'Betsy Eichmann','02398538399',2700000,'Lunas',NULL,'default.jpg','1997-04-25 02:42:39','1994-08-27 09:54:16'),(56,'8091','Vilma Hayes','East Lillieville','2013-08-22','Laki-Laki','Hindu','09080 Mervin Union\nSengermouth, SD 91235',11163,13,'Keegan Johnson','839.696.5950',2700000,'Belum Lunas',NULL,'default.jpg','1983-11-29 15:01:05','1986-12-20 15:14:54'),(57,'9411','Rudy Cummerata','Port Paul','2014-01-18','Laki-Laki','Kong Hu Chu','9625 Greenfelder Hills Apt. 868\nNorth Scotmouth, DE 88093',11146,8,'Dr. Selmer Kuhn V','198.586.7807',2700000,'Lunas',NULL,'default.jpg','1982-10-22 18:15:48','1999-04-03 08:33:57'),(58,'8384','Sallie Mayert','Windlerfurt','2007-10-11','Perempuan','Islam','15461 Heller Crossroad\nMelodytown, KS 81936',11127,10,'Marilou Spencer','+13(5)1133368793',2700000,'Belum Lunas',NULL,'default.jpg','1987-05-21 08:41:53','2003-06-27 19:46:49'),(59,'5735','Mylene Schultz','Port Eliezer','2004-09-06','Perempuan','Katolik','95962 Kessler Shore\nSouth Irwinside, NV 76361',11182,13,'Gust Daugherty Jr.','715-274-6195x223',2700000,'Belum Lunas',NULL,'default.jpg','2002-05-03 14:45:30','1978-07-24 17:10:17'),(60,'7510','Isaiah Roob','Mariahfort','1999-03-24','Laki-Laki','Hindu','399 Pollich Green\nRosendomouth, AZ 32164-9368',11203,9,'Autumn Spencer','966.080.9818',2700000,'Belum Lunas',NULL,'default.jpg','1983-06-25 15:07:37','2011-10-16 04:57:25'),(61,'9641','Elenora Turner','Veumburgh','2015-05-16','Perempuan','Buddha','7760 Hansen Island Apt. 621\nAustynmouth, NE 41144',11186,12,'Jazmin Gerhold V','1-610-635-6060',2700000,'Belum Lunas',NULL,'default.jpg','1978-02-05 00:14:31','2008-08-12 13:55:50'),(62,'9757','Treva Conn','Sydniland','2004-03-22','Laki-Laki','Kristen','889 Price Track\nChanelhaven, DC 51541-4759',11183,10,'Brennon Zboncak','984.199.9792x0898',2700000,'Lunas',NULL,'default.jpg','2002-05-22 10:42:34','2000-10-28 01:35:39'),(63,'8181','Harvey Leffler','Kristaville','2005-08-05','Perempuan','Buddha','2583 King Shores Apt. 818\nEast Ethylfurt, ME 01831',11207,1,'German Wyman','700-836-2683',2700000,'Belum Lunas',NULL,'default.jpg','2001-12-03 06:20:37','2009-02-18 17:08:02'),(64,'8853','Prof. Oma Ruecker DVM','Larueport','2009-10-22','Laki-Laki','Kong Hu Chu','435 Malvina Ford Suite 310\nNew Maryse, WI 09935',11175,13,'Bailee Schimmel','1-888-554-8768x8621',2700000,'Belum Lunas',NULL,'default.jpg','1981-01-21 12:13:37','2006-11-23 23:38:45'),(65,'8607','Raphael Mayert','Lake Edgarberg','1998-12-01','Laki-Laki','Kong Hu Chu','70965 Klein Mills\nEast Vincenzofurt, WV 31454-8367',11152,1,'Mr. Esteban Mueller','823.493.3081',2475000,'Belum Lunas',NULL,'default.jpg','1986-03-22 19:23:13','2006-08-04 09:24:54'),(66,'9808','Nettie Berge II','New Hollie','2015-11-06','Perempuan','Islam','872 Bogisich Locks\nEast Ebony, OR 58711',11214,11,'Foster Glover III','07029808210',2700000,'Lunas',NULL,'default.jpg','1997-04-16 21:21:33','1972-07-07 08:40:21'),(67,'3807','Juston Labadie','South Meghan','2007-09-13','Laki-Laki','Katolik','96816 Maggio Burgs\nLake Melvina, AZ 62969',11139,8,'Mr. Roosevelt Watsica','(452)505-1282',2700000,'Belum Lunas',NULL,'default.jpg','2002-08-22 16:46:11','1996-02-25 08:32:26'),(68,'9032','Kyleigh Kreiger','West Donald','2014-07-24','Perempuan','Kristen','22043 Ophelia Run Suite 865\nPort Coleman, NJ 08845',11196,1,'Trever Kerluke','739.688.3537',2700000,'Belum Lunas',NULL,'default.jpg','1982-03-20 23:25:48','1973-08-13 18:38:54'),(69,'4025','Lavonne King','Conroyton','2013-11-07','Perempuan','Kristen','4358 Wehner Glens\nKeeblerside, PA 15771',11198,9,'Lukas Franecki','1-869-392-9878x60665',2700000,'Belum Lunas',NULL,'default.jpg','1988-04-07 22:01:01','2017-12-20 05:11:08'),(70,'3729','Joe Hand II','East Reyes','2016-11-22','Laki-Laki','Katolik','85996 Green Crescent Apt. 028\nFerryland, SC 40713',11167,1,'Malinda Bins','136-439-5019x33011',2700000,'Belum Lunas',NULL,'default.jpg','1973-02-19 05:26:53','1976-10-20 00:58:55'),(71,'7008','Mason Pfannerstill','Lake Matilde','2018-08-13','Perempuan','Hindu','975 Ellis Canyon Suite 476\nPort Reginald, MI 81176-2535',11202,12,'Mr. Alek Kihn MD','695-938-4280x11287',2700000,'Belum Lunas',NULL,'default.jpg','2014-12-18 20:22:42','2002-07-02 22:22:33'),(72,'3869','Nicole Hickle','New Giovanna','2010-06-13','Laki-Laki','Kristen','21329 Green Stravenue\nNew Jerrod, MN 54797',11219,1,'Raymond Gibson','795.718.1108x68534',2700000,'Belum Lunas',NULL,'default.jpg','1986-08-01 09:47:15','1970-10-03 09:05:28'),(73,'3380','Jamison Gaylord','Lupeberg','2005-12-17','Laki-Laki','Kristen','4941 Francesca Fords\nSouth Paula, MO 39103-7056',11150,1,'Hermina Beatty','817-394-3718x301',2700000,'Lunas',NULL,'default.jpg','2001-01-20 09:16:47','1992-11-19 01:38:04'),(74,'9239','Titus Rosenbaum MD','Christiansenview','2005-01-27','Perempuan','Kristen','071 Tromp Mountain Suite 874\nLake Dallas, TN 54542',11185,12,'Prof. Buck Huel DDS','367.607.5126x26547',2700000,'Belum Lunas',NULL,'default.jpg','1982-11-25 07:27:29','2014-09-06 05:44:53'),(75,'9661','Caden Wehner','New Elfriedamouth','2013-02-15','Laki-Laki','Kristen','40176 Consuelo Stream\nThomasside, DE 09125',11127,9,'Abe Torp III','1-932-666-6008',2700000,'Belum Lunas',NULL,'default.jpg','1972-01-18 08:22:35','1975-01-10 09:10:22'),(76,'5121','Nova Kuhn PhD','Abbottfurt','2017-05-01','Laki-Laki','Kristen','2406 Esta Drive Apt. 101\nNorth Peyton, DC 50031-6706',11154,11,'Adaline Steuber III','730-388-6018x136',2700000,'Lunas',NULL,'default.jpg','1970-05-15 08:31:40','2010-05-22 21:10:14'),(77,'8682','Chris Purdy','Port Palmafurt','2009-08-12','Perempuan','Buddha','898 Brooke Crossroad Apt. 503\nNew Precious, VA 68372',11154,13,'Josue Lesch','010.018.0109',2700000,'Lunas',NULL,'default.jpg','1983-08-21 15:11:52','1996-07-20 21:45:02'),(78,'6451','Brady Barton','Faheyfort','2009-12-22','Perempuan','Kong Hu Chu','06159 Osinski Mountains Apt. 494\nBryceburgh, CA 20145',11146,3,'Haskell Stanton','597-148-3182x61662',2700000,'Belum Lunas',NULL,'default.jpg','1999-09-27 17:19:51','1986-12-21 22:21:54'),(79,'6242','Prof. Chad Nolan PhD','Rolandotown','2000-08-17','Perempuan','Buddha','855 Steuber Place Apt. 164\nChazview, WA 18401-1902',11111,11,'Shanny Rogahn','565.402.6790x2338',2700000,'Belum Lunas',NULL,'default.jpg','2010-10-20 09:19:52','1982-07-24 00:44:21'),(80,'7049','Ivy D\'Amore','Gudrunland','2011-07-27','Laki-Laki','Buddha','65551 Charity Knoll Suite 841\nEast Filomena, MA 90685-7010',11139,7,'Zoe Auer','01763089981',2700000,'Belum Lunas',NULL,'default.jpg','1977-10-15 20:07:32','2007-09-25 23:56:43'),(81,'4545','Dr. Abel Wolff III','Croninshire','2002-08-09','Perempuan','Kristen','99201 Sipes Mission Suite 859\nChamplinburgh, OK 52911',11198,1,'Luciano Daniel','(710)550-3341x1768',2700000,'Lunas',NULL,'default.jpg','2000-10-30 12:33:06','1973-10-06 23:01:30'),(82,'5027','Prof. Tyrique Hoppe I','Tremaynemouth','2001-04-29','Perempuan','Hindu','919 Jayden Path\nCorkerymouth, MD 32691-5810',11128,13,'Fay Beahan IV','(428)949-6439x5345',2700000,'Lunas',NULL,'default.jpg','1973-09-16 07:35:17','2015-06-13 16:34:08'),(83,'5492','Mrs. Jewel Hegmann Sr.','Bernhardside','2002-08-24','Laki-Laki','Hindu','772 Alison Unions\nWest Hershelberg, WV 81044-4223',11174,12,'Miss Christiana Jaskolski','465-844-1075',2700000,'Lunas',NULL,'default.jpg','2010-05-27 05:48:59','1986-01-29 02:12:04'),(84,'3884','William Price','Margarettetown','1999-12-10','Perempuan','Hindu','323 Ashley Turnpike Apt. 179\nHipolitoshire, CA 60106',11219,7,'Drew Ledner','838.020.6541',2700000,'Lunas',NULL,'default.jpg','2010-01-22 18:12:56','2007-04-27 22:48:17'),(85,'6418','Darrell Koelpin','West Larissa','2013-10-07','Perempuan','Buddha','0298 Vivian Avenue\nEast Tristian, VT 59909-0262',11158,9,'Lonny Gleason','08497369255',2700000,'Belum Lunas',NULL,'default.jpg','2012-09-18 13:03:12','1970-07-04 01:59:09'),(86,'8952','Carlee Willms MD','West Moshe','2017-06-06','Perempuan','Buddha','22315 Hackett Center\nPort Macieland, NJ 36540-6202',11159,3,'Burdette McKenzie','451-670-1125',2700000,'Belum Lunas',NULL,'default.jpg','1997-05-31 18:32:27','1976-07-21 06:40:00'),(87,'5617','Mavis Cole','East Sean','2012-05-30','Perempuan','Islam','5191 Rafaela Villages\nCrawfordland, WY 78485',11155,8,'Claudie Zieme','1-450-298-2099',2700000,'Belum Lunas',NULL,'default.jpg','2010-12-28 22:10:13','1994-08-28 08:24:12'),(88,'3177','Dr. Miles Steuber','New Edmundhaven','2018-01-30','Laki-Laki','Buddha','28207 Quigley Parks Apt. 760\nEdisonville, ID 59870-0626',11142,10,'Marcia Murray','1-147-680-0691',2700000,'Belum Lunas',NULL,'default.jpg','2015-06-15 00:14:07','1973-03-21 16:59:13'),(89,'8012','Baby Glover DVM','Lake Carolanne','2015-05-04','Laki-Laki','Katolik','89074 Cydney Burg Suite 526\nFunkfurt, OH 68528-2624',11163,12,'Tristian Mueller','850.445.6067',2700000,'Belum Lunas',NULL,'default.jpg','1988-06-28 13:32:13','1973-09-23 13:41:15'),(90,'8768','Lavinia Hansen','Kundemouth','2015-06-30','Perempuan','Islam','29485 Bertha Brooks Suite 072\nChayafurt, MT 36760',11162,9,'Nico Senger','(357)417-2331x254',2700000,'Lunas',NULL,'default.jpg','2011-09-07 04:35:56','2006-05-05 11:17:12'),(91,'8400','Addie Miller','West Katlynnshire','1998-09-03','Laki-Laki','Islam','5127 Carter Overpass\nHowellbury, CA 03437-3989',11152,11,'Lou Nikolaus IV','01246347451',2700000,'Belum Lunas',NULL,'default.jpg','2000-05-26 08:28:06','1997-01-27 03:00:33'),(92,'8593','Leopold Legros','Carolynechester','2015-04-07','Perempuan','Katolik','365 Rath Drive\nLake Michelle, MT 77105-7733',11134,10,'Dr. Rosetta Brakus DVM','310-017-5463x60387',2700000,'Belum Lunas',NULL,'default.jpg','2015-03-23 17:39:13','2013-04-29 18:33:49'),(93,'4827','Mr. Jarrell Hackett PhD','Princeton','2001-10-09','Laki-Laki','Katolik','244 Hagenes Cliffs Suite 520\nEast Garth, ID 26968',11186,8,'Genevieve Schmitt','571.331.3695',2700000,'Lunas',NULL,'default.jpg','2000-12-21 08:33:30','1973-01-22 11:33:57'),(94,'9988','Mr. Henderson Skiles III','Zemlaktown','2016-04-11','Perempuan','Buddha','106 Favian Mall\nWest Tiannafurt, CT 96151-0526',11199,10,'Mr. Wilburn Wehner','1-466-669-2177x46887',2700000,'Belum Lunas',NULL,'default.jpg','2009-06-21 21:36:38','2004-08-16 06:51:32'),(95,'5901','Annetta O\'Connell','Lake Shayleeside','2007-07-28','Perempuan','Islam','691 Bechtelar Summit\nEast Timmothytown, NE 68894',11134,13,'Miss Elaina Larson','391-191-5259x77110',2700000,'Lunas',NULL,'default.jpg','1986-12-20 17:37:45','1970-04-03 09:02:08'),(96,'5527','Lora Pfannerstill V','New Zula','2000-07-06','Laki-Laki','Katolik','5439 Leone Groves\nNew Lorna, CA 58256-3005',11217,13,'Annabelle Mayer','1-352-615-6332x706',2700000,'Belum Lunas',NULL,'default.jpg','1990-05-08 12:50:40','1973-12-29 07:12:22'),(97,'3064','Moriah Homenick DVM','Kuvalisview','2007-03-11','Perempuan','Buddha','393 Zoie Wells Apt. 798\nJohnsonmouth, FL 09248-9284',11128,1,'Mr. Alex Bartoletti','429.770.8690x967',2700000,'Lunas',NULL,'default.jpg','1994-12-24 09:47:02','1979-03-29 00:39:52'),(98,'3226','Prof. Davion Cremin','Geovanyfort','2007-03-08','Laki-Laki','Hindu','18001 Julie Gateway\nNew Tristin, NJ 82744-6275',11207,10,'Jason Effertz','(532)979-7642x444',2700000,'Lunas',NULL,'default.jpg','1995-05-15 09:15:15','2006-06-23 17:33:59'),(99,'7722','Ahmad Pagac','Konopelskibury','2014-09-10','Perempuan','Kong Hu Chu','46277 Legros Estates\nHaagville, DC 76490-4555',11203,12,'Franz Wolff','1-360-268-9976',2700000,'Belum Lunas',NULL,'default.jpg','2005-07-26 06:43:43','2006-05-14 17:27:14'),(100,'9369','Novella Hessel','East Bennie','2013-10-02','Laki-Laki','Buddha','7024 Kaelyn Village\nPort Leonoraberg, AZ 51051',11206,3,'Mr. Hobart Dicki','101-932-8756x61772',2700000,'Lunas',NULL,'default.jpg','1986-03-19 09:12:01','1982-05-30 08:58:05'),(101,'8700','Joe Farrell','South Daphneyside','2005-08-30','Laki-Laki','Kong Hu Chu','113 Trantow Forest\nLitzyburgh, OK 25309-3411',11154,7,'Andres Armstrong V','071-932-2407',2700000,'Belum Lunas',NULL,'default.jpg','1983-06-09 09:08:48','2009-04-20 16:52:56'),(102,'5394','Prof. Lori Brekke','Tillmantown','2007-12-19','Laki-Laki','Buddha','3889 Koss Key\nWest Treverfurt, ND 94617-0694',11155,11,'Francisco Towne','978.705.4036x32733',2700000,'Lunas',NULL,'default.jpg','1976-04-23 23:45:27','1990-12-15 00:15:40'),(103,'5377','Alanna Ruecker','Mariontown','2011-10-03','Laki-Laki','Islam','369 Fahey Corners Apt. 805\nNorth Alexandria, WY 09732',11184,9,'Eveline Dooley','(621)014-7348',2700000,'Belum Lunas',NULL,'default.jpg','1972-06-03 14:07:14','1977-08-15 17:36:21'),(104,'8335','Giovanny Bashirian','Lake Babyville','2003-03-18','Laki-Laki','Hindu','869 Rupert Spurs Apt. 736\nWest Charleneton, MT 65421-4123',11150,1,'Dr. Isabell Hermiston','447.496.2008x1959',2700000,'Belum Lunas',NULL,'default.jpg','2006-12-26 17:37:35','2007-03-29 14:06:41'),(105,'8285','Kay Purdy PhD','Schneiderfort','2010-09-02','Laki-Laki','Katolik','7336 Rosalinda Knoll Apt. 643\nEast Keanu, KY 89437-7936',11159,10,'Dr. Mortimer Daugherty Sr.','079.445.1456',2700000,'Belum Lunas',NULL,'default.jpg','2012-02-07 19:40:45','1984-04-20 02:59:05'),(106,'4772','Idell Beahan','Boylestad','2007-03-17','Laki-Laki','Buddha','73741 Daija Prairie\nWest Billie, AL 01362-3399',11167,11,'Shyann Labadie','1-153-798-4400x82858',2700000,'Belum Lunas',NULL,'default.jpg','2008-07-05 06:32:52','2007-10-17 12:59:04'),(107,'8955','Molly Reynolds','North Zachariahfurt','2010-11-07','Laki-Laki','Kristen','88513 Clare Roads Apt. 933\nEast Luluchester, ND 52904-5474',11159,10,'Clint Bogisich','1-193-343-1831x06978',2700000,'Lunas',NULL,'default.jpg','1988-06-19 12:55:31','1985-03-13 16:46:11'),(108,'8902','Rashad Stroman','Antonestad','2015-03-08','Perempuan','Hindu','907 Rutherford Turnpike\nNorth Janport, AK 98176-1808',11151,1,'Destiny Emard Sr.','(587)947-4832x57368',2700000,'Lunas',NULL,'default.jpg','1997-04-26 10:29:20','2009-11-13 04:18:55'),(109,'3789','Terence Kuhn','Blickmouth','2016-12-26','Laki-Laki','Hindu','109 Bergnaum Union Apt. 055\nCummerataville, KY 53526-3342',11217,1,'Darian Dach','1-792-518-4042x5929',2700000,'Belum Lunas',NULL,'default.jpg','2016-03-26 15:37:30','1984-05-27 04:00:48'),(110,'4835','Loy DuBuque','North Aubreechester','1999-12-26','Laki-Laki','Kristen','05986 Trinity Field\nAmieland, MI 08682',11190,1,'Jacquelyn Kessler','06953914938',2475000,'Belum Lunas',NULL,'default.jpg','2015-04-26 07:56:27','2008-10-12 13:41:08'),(111,'3027','Esther Kuphal','Willchester','2008-05-03','Perempuan','Kong Hu Chu','726 Adriana Curve\nHilpertbury, AR 99061',11127,10,'Cleo Wisozk','+81(8)4321554341',2700000,'Lunas',NULL,'default.jpg','1985-12-05 21:13:23','1998-05-18 08:08:29'),(112,'7123','Kamille Hegmann','South Carliebury','2014-11-09','Laki-Laki','Kong Hu Chu','76703 Delpha Inlet\nNew Bradfordfurt, AZ 62232-7380',11219,1,'Herbert D\'Amore','1-793-873-1733x995',2700000,'Belum Lunas',NULL,'default.jpg','2003-01-17 03:20:32','1996-06-15 23:15:25'),(113,'4270','Sarai Heidenreich','East Travonport','2014-07-07','Perempuan','Buddha','64921 Wuckert Branch\nWest Mariano, AL 41017',11185,12,'Margaret Leffler','1-884-138-1499x37272',2700000,'Lunas',NULL,'default.jpg','1988-10-20 18:59:10','1973-06-11 12:16:06'),(114,'3047','Dr. Berenice Bednar PhD','Pricehaven','2012-06-07','Perempuan','Buddha','17972 Earnest Canyon Apt. 078\nNorth Annettachester, RI 09251',11190,9,'Marco Corkery','(457)089-8205',2700000,'Lunas',NULL,'default.jpg','2001-04-28 00:14:02','1999-05-01 23:01:33'),(115,'7216','Dr. Creola Sauer DDS','Port Lenore','2013-01-19','Perempuan','Katolik','83098 Clemens Points\nJessikafort, GA 78217-4625',11195,9,'Prof. Kennith Gorczany','(596)582-3785x505',2700000,'Lunas',NULL,'default.jpg','1992-12-28 18:48:20','1971-07-23 03:57:51'),(116,'8459','Miss Corrine Veum Sr.','New Estelleborough','2009-02-23','Perempuan','Kong Hu Chu','66009 Rogahn Dale\nRowenachester, TX 07279',11186,1,'Kelli Green','+53(9)2747910936',2700000,'Lunas',NULL,'default.jpg','1996-10-06 22:35:56','2010-07-15 04:39:47'),(117,'5219','Ron Stiedemann','Hickleview','2001-10-23','Laki-Laki','Buddha','40406 Kirlin Forks\nNorth Lacy, FL 31698-3797',11196,13,'Terrell Bauch','1-456-533-7519x695',2700000,'Belum Lunas',NULL,'default.jpg','1974-04-11 00:05:49','1988-06-06 12:40:57'),(118,'4677','Jaylan Wunsch','Trevorville','2009-09-19','Perempuan','Islam','8408 Alana Harbors Apt. 118\nZboncakstad, AK 57372-5137',11195,8,'Hattie Ledner','+33(1)5910264565',2475000,'Belum Lunas',NULL,'default.jpg','1975-10-22 10:23:22','2014-04-09 12:19:47'),(119,'3608','Prof. Cornell Schumm','Mullerchester','2014-11-01','Perempuan','Katolik','118 Jarrod Knolls Apt. 925\nAbernathymouth, CA 74395-0278',11174,13,'Faustino Moore DDS','574-552-2859x54839',2700000,'Belum Lunas',NULL,'default.jpg','1981-01-03 15:29:31','2004-11-24 12:49:15'),(120,'4182','Dr. Trevor Powlowski','New Cathrine','2006-03-19','Perempuan','Buddha','35201 Halvorson Plains Suite 095\nKubton, WI 97486-0553',11162,13,'Carole Quitzon','(351)261-0096x04370',2700000,'Belum Lunas',NULL,'default.jpg','2018-03-06 08:16:24','1987-01-10 02:35:53'),(121,'6990','Orville Kuhn DDS','Lake Matildeland','2009-12-10','Perempuan','Buddha','77093 Boris Ford\nPort Otto, NY 61743-9589',11187,12,'Dr. Brenda Anderson','1-325-318-3568x9318',2700000,'Belum Lunas',NULL,'default.jpg','2010-06-24 11:57:34','1991-11-14 08:18:30'),(122,'6730','Stevie Lemke','Olgachester','2000-10-30','Perempuan','Kristen','7352 Veum Stream Apt. 358\nWest Carolanne, NJ 90445-0728',11182,1,'Prof. Dudley Cole','690.696.1091x66941',2700000,'Lunas',NULL,'default.jpg','1984-12-01 14:34:31','1981-02-09 02:35:46'),(123,'3517','Jordyn Stiedemann','Nolanport','2014-08-16','Perempuan','Hindu','25642 Michale Spring Suite 171\nPort Maiyaport, NH 14073-7951',11166,12,'Tracy Kohler','(636)286-4136x3361',2700000,'Lunas',NULL,'default.jpg','2012-11-27 16:34:44','2010-12-17 03:06:51'),(124,'4051','Ike Reilly Sr.','Lake Mayaville','2014-01-07','Perempuan','Buddha','31875 Rosa Park\nLonnieview, FL 21368-5949',11128,8,'Marcelina Emard','(820)959-3537x00033',2700000,'Lunas',NULL,'default.jpg','1989-03-14 02:40:41','1998-08-28 16:24:39'),(125,'5086','Lemuel Senger','East Mervin','2006-06-07','Laki-Laki','Katolik','9646 Dooley Lodge Suite 106\nWest Kaylahstad, WA 37771',11215,11,'Cindy Marquardt','596.840.6397',2700000,'Lunas',NULL,'default.jpg','1976-02-27 19:46:46','2004-05-01 15:14:07'),(126,'7327','Mrs. Anabel Leffler III','Schimmelchester','2012-01-10','Perempuan','Katolik','1045 Botsford Gardens\nNorth Jaedenton, DE 84140',11171,13,'Timmy Cole','+98(8)5871655055',2700000,'Lunas',NULL,'default.jpg','2010-11-05 11:21:50','1972-02-24 00:05:03'),(127,'9730','Prof. Blake Kozey V','New Rosalindhaven','2006-01-03','Perempuan','Kristen','307 Aditya Flats Suite 756\nPort Liana, AL 66302-4505',11158,9,'Dr. Philip Crona DDS','1-909-538-3186x81452',2700000,'Lunas',NULL,'default.jpg','2001-10-18 12:26:19','1990-07-13 12:24:07'),(128,'6252','Hazle Ullrich','Lake Ellenborough','2014-12-31','Laki-Laki','Buddha','7162 Dante Glens Suite 020\nAdamsmouth, NY 16821-5180',11130,13,'Consuelo Friesen','373.484.7319x901',2700000,'Lunas',NULL,'default.jpg','2012-10-29 10:42:10','2007-05-27 07:10:59'),(129,'7926','Deshawn Smitham V','Rolfsonville','2009-09-18','Perempuan','Kristen','61786 Winfield Light\nWest Lionelberg, OK 30430',11158,11,'Murray Bins','111.397.9669x699',2700000,'Belum Lunas',NULL,'default.jpg','2003-04-01 12:38:10','1998-04-06 14:00:48'),(130,'9898','Diamond Block','Shanahanfort','1999-06-20','Perempuan','Kristen','8336 Mohammed Ports Apt. 410\nSouth Baby, OR 36210-2465',11166,1,'Santiago Schaden II','(500)446-9294x4886',2700000,'Belum Lunas',NULL,'default.jpg','1978-07-11 12:54:19','1998-09-14 05:29:59'),(131,'8651','Iva Doyle II','Lake Kayleeshire','2006-02-25','Perempuan','Kristen','00872 Raynor Circles Apt. 970\nSchroederberg, NH 14499',11151,1,'Gwendolyn Blanda','+63(3)4369658632',2700000,'Lunas',NULL,'default.jpg','1970-06-26 17:17:53','2014-12-26 03:20:12'),(132,'4283','Gabrielle Jenkins I','Mullerburgh','2010-04-30','Perempuan','Katolik','319 Erna Trafficway\nAlleneburgh, LA 50835',11138,1,'Miss Vida Durgan','000-778-9891',2700000,'Belum Lunas',NULL,'default.jpg','1991-03-31 16:12:48','1970-03-01 02:49:24'),(133,'7041','Mrs. Jazmyne Klein','Ryanbury','2006-12-24','Perempuan','Kristen','790 Ernser Rue\nWest Mohammedview, MO 05474',11128,13,'Prof. George Buckridge','+04(8)1925882187',2700000,'Belum Lunas',NULL,'default.jpg','2015-08-26 00:25:00','1982-12-21 18:10:36'),(134,'9367','Johanna Hodkiewicz','Tomasfurt','2006-09-19','Laki-Laki','Buddha','88962 Landen Court\nEast Katarinastad, WY 99247',11162,10,'Lelia Oberbrunner','(876)479-4410x8983',2025000,'Belum Lunas',NULL,'default.jpg','1984-04-08 15:04:25','1985-08-19 16:26:25'),(135,'6663','Isobel Bednar','South Javontetown','2004-11-04','Perempuan','Kong Hu Chu','594 Jessica Expressway\nPfefferfurt, NJ 93347',11214,11,'Ofelia Fadel IV','155.097.6261x51201',2700000,'Lunas',NULL,'default.jpg','1997-11-04 06:32:32','1978-03-18 13:49:39'),(136,'3444','Camylle Wyman V','Port Mathildebury','2001-01-14','Perempuan','Buddha','97269 Johnathon Trail Suite 989\nPagacport, WA 87062',11171,9,'Louvenia Roob','942-774-1504x60941',2700000,'Belum Lunas',NULL,'default.jpg','1990-03-11 12:06:17','1994-09-13 18:42:10'),(137,'3236','Lorna Anderson','North Danhaven','2010-03-28','Laki-Laki','Hindu','4600 Eric Roads\nNorth Euna, CA 32139-0551',11186,1,'Emilie Okuneva','1-383-903-4083x67111',2700000,'Belum Lunas',NULL,'default.jpg','2002-09-21 02:10:31','1972-07-13 18:55:30'),(138,'3957','Micheal Buckridge','Port Gilbertoshire','2011-01-07','Laki-Laki','Kong Hu Chu','29781 Balistreri Meadows Suite 158\nRennerland, ID 67817-3557',11183,1,'Beatrice Shields Jr.','1-553-371-8668x58674',2700000,'Lunas',NULL,'default.jpg','1988-04-15 22:15:45','1980-10-13 13:23:19'),(139,'4389','Mrs. Jany Bailey MD','Erdmanborough','2007-12-24','Laki-Laki','Buddha','507 Barton Hollow Apt. 315\nNew Joanne, DC 51042',11215,10,'Myra Kovacek','980-942-2538',2700000,'Lunas',NULL,'default.jpg','2009-06-21 19:51:48','2010-04-20 03:24:20'),(140,'5167','Tyshawn Prosacco','Port Alisonberg','2011-08-10','Laki-Laki','Katolik','735 Upton Mills\nNorth Teagan, DE 83609-0107',11170,12,'Dr. Pansy Lang V','1-940-667-4638',1575000,'Belum Lunas',NULL,'default.jpg','2003-03-03 18:54:57','2018-08-12 05:33:24'),(141,'3993','Leanna DuBuque','Dawsonstad','2010-07-27','Perempuan','Islam','166 Bauch Ridges Suite 610\nPricestad, ME 62670',11162,13,'Nels Reichert','06125655943',1800000,'Belum Lunas',NULL,'default.jpg','2012-11-10 16:02:34','2015-06-03 07:10:35'),(142,'6324','Mabelle Gleichner','Hirthestad','2017-09-08','Laki-Laki','Kristen','5351 Omari Bypass Suite 006\nNovaport, IN 77325-7219',11202,11,'Tyshawn McDermott','1-559-552-6996x090',2700000,'Belum Lunas',NULL,'default.jpg','1981-05-01 03:36:53','1996-05-07 00:29:59'),(143,'5621','Raina Wisozk','West Aliceberg','2018-01-07','Perempuan','Hindu','2039 Bradtke Lodge Apt. 312\nEast Lelandburgh, KS 81493',11167,13,'Erin Crona V','071.612.2987x154',2700000,'Lunas',NULL,'default.jpg','2013-12-13 14:12:29','1988-11-17 08:23:39'),(144,'8940','Mr. Ola Upton I','West Autumnbury','2011-06-10','Laki-Laki','Hindu','95606 Kreiger Throughway Suite 709\nLake Linda, AK 59589',11195,12,'Alivia Deckow','553.643.3485x6670',2700000,'Belum Lunas',NULL,'default.jpg','1991-03-15 10:14:51','1975-08-10 04:46:01'),(145,'6429','Dr. Dorcas Heaney DDS','Kesslerfurt','2003-05-25','Laki-Laki','Hindu','86655 Anna Forges Apt. 460\nOswaldstad, AK 28084-5468',11186,3,'Prof. Evert Ward MD','(349)498-4927',2700000,'Lunas',NULL,'default.jpg','2007-03-26 02:37:16','2005-02-23 11:46:24'),(146,'7340','Miss Rosalind Cruickshank MD','Ozellaborough','2016-04-26','Perempuan','Katolik','395 Armani Highway\nSouth Darren, SD 51679-5676',11215,13,'Keira Roob','(847)552-7650',2700000,'Belum Lunas',NULL,'default.jpg','1975-10-15 09:29:43','1999-03-31 07:24:23'),(147,'5126','Merle Hilll Jr.','South Kennediburgh','2018-02-14','Perempuan','Katolik','40260 Kirlin Estate Suite 724\nNew Vincent, WI 41094',11151,1,'Mr. Sean Denesik PhD','05620512454',2700000,'Lunas',NULL,'default.jpg','1988-05-27 09:24:33','1999-07-21 18:03:28'),(148,'5202','Gina D\'Amore','North Kobyhaven','2004-07-17','Perempuan','Islam','655 Hallie Circles\nBraunfurt, TX 38612-6218',11215,8,'Mr. Delbert Kling','636-625-9407x967',2700000,'Lunas',NULL,'default.jpg','1975-05-13 04:17:27','1990-10-03 17:07:07'),(149,'5168','Prof. Monserrat Koss','West Rosalindaton','2006-04-29','Perempuan','Hindu','4703 Ondricka View Apt. 564\nLeefort, RI 62782',11111,7,'Erling Pouros','001-089-8223',2700000,'Lunas',NULL,'default.jpg','1995-12-25 19:39:44','2017-04-11 05:04:08'),(150,'4708','Bell Moen','North Macytown','2005-05-19','Laki-Laki','Buddha','128 Johnson Road\nWest Sidney, ND 35926',11215,13,'Dr. Ally Rosenbaum I','+68(4)8524452994',2700000,'Belum Lunas',NULL,'default.jpg','1989-04-05 07:18:27','2006-03-30 10:58:29'),(151,'7881','Roma Schmeler','Quintonside','2011-01-04','Perempuan','Kong Hu Chu','608 Paucek Dam\nDalechester, MS 87659-6606',11131,8,'Dawson Towne DDS','(399)152-4464',2700000,'Lunas',NULL,'default.jpg','1999-05-29 20:32:50','2004-12-25 00:42:17'),(152,'5092','Gordon Abshire','North Sonia','2006-09-18','Laki-Laki','Hindu','743 Amiya Fork Suite 168\nNew Tyshawnside, IA 17694',11166,11,'Elsie White II','00155421049',2700000,'Belum Lunas',NULL,'default.jpg','2016-08-05 00:39:22','1980-10-07 03:59:40'),(153,'6750','Lacy Mayer','Port Duncantown','2002-01-30','Laki-Laki','Kristen','74065 Chelsea Street Suite 507\nPort Quinn, WY 43538-7734',11171,1,'Tania Quigley II','403.409.8661x9647',2700000,'Lunas',NULL,'default.jpg','1970-01-24 15:17:37','1986-05-12 04:37:29'),(154,'7842','Ms. Kaitlin Bayer','Boehmfurt','2001-06-12','Perempuan','Katolik','105 Shemar Meadows Suite 431\nEast Lillieville, AZ 61724-9584',11199,8,'Ashlynn Champlin','292-526-9710x04706',2700000,'Belum Lunas',NULL,'default.jpg','2013-03-19 00:22:09','2009-07-07 17:41:27'),(155,'4115','Mrs. Willa Breitenberg IV','North Quinnmouth','2006-03-08','Laki-Laki','Islam','158 Rex Mountain\nSouth Harmony, RI 21531-8446',11191,7,'Antonia Veum','1-963-980-0891x13366',2700000,'Belum Lunas',NULL,'default.jpg','1998-01-12 16:32:27','2013-05-17 04:53:25'),(156,'5544','Norris Johnson','North Quentin','1998-12-17','Perempuan','Hindu','44275 Kshlerin Isle\nOctaviahaven, IA 37471',11151,1,'Dr. Blaise Parker IV','+64(0)0193783444',2700000,'Belum Lunas',NULL,'default.jpg','1979-06-07 20:18:08','1987-11-22 13:20:33'),(157,'9948','Aditya Skiles','South Sandrinechester','2008-01-29','Perempuan','Kristen','6663 Lang Mountain\nNew Telly, NJ 83051',11151,1,'Trent Wilkinson','568.435.8809',2700000,'Belum Lunas',NULL,'default.jpg','1995-11-09 09:43:45','2007-07-27 00:40:51'),(158,'9143','Connor Kemmer IV','East Ruthie','2018-04-22','Laki-Laki','Katolik','2541 Altenwerth Isle Apt. 536\nPort Ola, ID 95647',11202,11,'Wilbert Bogan DDS','681-679-6386',2700000,'Belum Lunas',NULL,'default.jpg','2003-11-06 00:30:57','1997-05-16 17:07:15'),(159,'7330','Miss Sadie Homenick DDS','Nikolausstad','2015-07-07','Laki-Laki','Kristen','1689 Kozey Port Apt. 025\nWest Parkerside, MS 69152-1653',11218,10,'Shanie Strosin','1-673-234-5176x6141',2700000,'Belum Lunas',NULL,'default.jpg','1999-06-22 21:13:45','2017-08-06 04:52:59'),(160,'3450','Ms. Rosina Robel','North Zaneland','2002-09-01','Perempuan','Buddha','885 Bartoletti Land\nBednarfurt, VA 60729-0237',11183,10,'Jovanny Pouros','+92(5)8557558333',2700000,'Belum Lunas',NULL,'default.jpg','1984-02-25 00:03:02','2003-05-03 13:20:34'),(161,'4658','Mr. Tatum Little MD','North Brycenview','2008-06-22','Laki-Laki','Kristen','7903 Ortiz Inlet Suite 512\nPort Josiahburgh, SC 71748-2035',11196,9,'Dr. Peggie Hauck','204-168-6787',2700000,'Lunas',NULL,'default.jpg','2003-11-22 19:01:16','2010-11-28 04:14:11'),(162,'3446','Jonatan Feest Sr.','Gregorioland','2003-03-21','Laki-Laki','Buddha','195 Loma Walks\nTarachester, AR 20791-1756',11174,1,'Mr. Emil Baumbach','135.196.6851',2700000,'Belum Lunas',NULL,'default.jpg','2015-02-23 06:42:11','1979-07-16 06:33:36'),(163,'6162','Shirley Turner DVM','North Joany','2016-06-15','Laki-Laki','Islam','31061 Stracke Port Apt. 669\nHollistown, AK 90235-1416',11184,8,'Dr. Yvonne Predovic III','392-468-7948x36640',2700000,'Belum Lunas',NULL,'default.jpg','1994-08-09 02:05:48','1996-02-21 12:06:18'),(164,'4327','Miss Kasandra Bailey','Maurineburgh','2016-10-09','Perempuan','Kristen','28051 Scarlett Lane\nBartellberg, NY 60354-4390',11159,10,'Prof. Destany Ledner III','+07(1)0343184785',2700000,'Lunas',NULL,'default.jpg','2001-06-12 04:26:10','1979-10-18 09:41:20'),(165,'7454','Prof. Rosa Koss','Binsbury','2011-10-15','Laki-Laki','Buddha','56502 Wellington Meadows Suite 801\nWest Carolyne, ME 18551-9187',11195,7,'Oswald Crooks V','170.575.3419',2700000,'Belum Lunas',NULL,'default.jpg','2005-03-20 12:51:25','1984-09-26 11:31:25'),(166,'5087','Margaretta Spencer','Paucekshire','2012-01-15','Perempuan','Katolik','1809 Blake Mountains Apt. 087\nSabinaburgh, WY 51902',11171,12,'Richard Gerlach','437.632.5912x06653',2700000,'Belum Lunas',NULL,'default.jpg','2016-04-02 00:29:45','1997-12-09 08:56:23'),(167,'7009','Denis Haley','Wolfport','2009-10-29','Perempuan','Katolik','4667 Wolff Turnpike\nLake Jordan, MT 05843',11194,13,'Chadrick Bode','887.997.4536x443',2700000,'Belum Lunas',NULL,'default.jpg','2008-01-29 21:04:56','1970-03-23 08:47:13'),(168,'7209','Jacklyn Effertz Sr.','Gloverville','2009-05-08','Laki-Laki','Kristen','3301 Friesen Dale\nLavernefort, WA 33195',11178,3,'Ryley Reichert','1-545-814-9296x15516',2700000,'Lunas',NULL,'default.jpg','1992-09-16 04:27:44','2017-11-19 11:44:46'),(169,'9287','Maya Jacobi','South Marianoborough','2010-10-10','Laki-Laki','Hindu','54626 Sanford Passage\nSouth Taylor, TN 10778',11219,8,'Clemmie Rau','763-667-1482x357',2700000,'Belum Lunas',NULL,'default.jpg','1992-03-18 13:37:33','2001-03-10 06:04:04'),(170,'6075','Dr. Margarita Bins','Bogisichfurt','2009-01-20','Perempuan','Hindu','464 Maverick Via Apt. 228\nCassandrachester, AZ 41365',11186,11,'Regan Harvey','(720)377-7940x90743',2700000,'Belum Lunas',NULL,'default.jpg','1983-08-22 00:34:30','1988-01-05 23:18:45'),(171,'7944','Prof. Molly Wisoky Sr.','South Tamara','2013-01-25','Laki-Laki','Buddha','97498 Raquel Haven\nEast Arvelshire, WY 48898-4130',11187,13,'Kian O\'Reilly','08598241753',2700000,'Belum Lunas',NULL,'default.jpg','2017-07-23 03:39:02','1993-12-13 10:26:51'),(172,'6908','Mr. Fredrick Nolan III','Rolfsonside','2004-02-15','Perempuan','Katolik','39164 Theresa Haven\nSouth Norrisberg, PA 04444',11195,13,'Jerrod Metz','139.354.8451',2700000,'Belum Lunas',NULL,'default.jpg','2014-02-16 05:43:49','1978-09-18 10:53:07'),(173,'8282','Ms. Savanna Mayert IV','Koreymouth','2015-01-10','Laki-Laki','Hindu','87042 Leannon Mews Suite 309\nNorth Bernieceview, MS 71679',11219,10,'Rocio Klocko','124.902.8610',2700000,'Lunas',NULL,'default.jpg','1981-05-20 09:47:45','1997-02-21 03:27:20'),(174,'7212','Prof. Brock Hagenes','Marcellaville','2005-07-29','Perempuan','Buddha','34663 Edyth Row\nZiemebury, CT 94091-8860',11191,13,'Dr. Jerel Kihn','05575912393',2700000,'Lunas',NULL,'default.jpg','1992-10-09 21:52:47','2002-02-22 23:24:02'),(175,'8206','Buddy Sporer MD','Chloestad','1999-04-20','Perempuan','Hindu','13015 Crona Overpass\nNorth Lou, LA 19360',11134,7,'Watson Funk','980.462.7156x11040',2700000,'Lunas',NULL,'default.jpg','2000-10-13 07:51:09','1997-11-03 01:55:26'),(176,'9467','Dr. Izaiah Hane MD','Enriquehaven','2013-03-06','Perempuan','Kristen','36965 Morar Stravenue\nNew Brisa, NJ 23572',11183,13,'Braeden Fahey Jr.','1-096-390-5988',2700000,'Lunas',NULL,'default.jpg','1970-03-24 02:08:02','2013-10-14 10:29:14'),(177,'5482','Maeve Kautzer','Creminton','2005-08-12','Laki-Laki','Islam','01826 Lennie Club\nRoryburgh, MS 22292',11198,1,'Kole Williamson PhD','(039)739-9122',2700000,'Lunas',NULL,'default.jpg','2017-07-21 06:36:22','1988-09-05 15:50:39'),(178,'4486','Eduardo Weissnat','Homenickland','2011-05-25','Laki-Laki','Kristen','8153 Deshaun Corner\nCoymouth, AZ 63146',11216,8,'Arvel Legros','+14(2)7214058114',2250000,'Belum Lunas',NULL,'default.jpg','2007-08-14 09:42:35','1994-07-13 13:31:49'),(179,'8688','Vance Goyette Sr.','Lake Elisa','2017-10-16','Laki-Laki','Islam','8195 Chet Ports\nEvechester, UT 69497-0667',11175,7,'Jamel Corkery','1-877-723-3119x35902',2700000,'Belum Lunas',NULL,'default.jpg','2017-06-01 09:11:11','2005-04-22 12:37:55'),(180,'7496','Madge Fisher IV','New Mortimerburgh','2004-08-04','Perempuan','Katolik','44951 Kiera Groves Apt. 223\nEast Otho, NC 50136',11219,7,'Johnny Orn','06397916862',2700000,'Belum Lunas',NULL,'default.jpg','1997-02-20 08:40:27','2017-06-02 13:35:38'),(181,'7109','Mr. Abe Ernser','East May','2004-01-18','Laki-Laki','Kristen','237 Jaida Tunnel Apt. 014\nNorth Rayfort, AK 06363-7281',11185,9,'Mrs. Odie Mayert','976.077.3858x4948',2700000,'Belum Lunas',NULL,'default.jpg','1996-07-22 12:31:26','1999-07-04 21:02:08'),(182,'4459','Sydney Connelly','Loweberg','2016-04-19','Laki-Laki','Katolik','287 Walker View\nPfannerstillview, KY 03975-5394',11134,8,'Carol Wilderman','(060)766-2977',2700000,'Belum Lunas',NULL,'default.jpg','1987-11-15 00:42:52','2003-03-24 22:33:21'),(183,'9926','Chet Wisozk','South Lane','2001-04-07','Perempuan','Islam','6689 Roberts Heights\nLibbiebury, MO 37630',11166,11,'Keith Jacobs','1-279-313-8303x646',2250000,'Belum Lunas',NULL,'default.jpg','2017-01-10 17:55:47','2005-07-31 23:11:15'),(184,'6425','Dr. Demetris Hansen Sr.','Boehmstad','2001-10-17','Perempuan','Katolik','024 Vincent Locks Suite 118\nLylastad, SC 47385',11182,8,'Columbus Pfeffer','+55(5)4878117380',2700000,'Belum Lunas',NULL,'default.jpg','1976-09-23 12:03:40','1980-04-08 00:20:12'),(185,'9336','Julius Moen','South Constancemouth','1999-01-13','Perempuan','Hindu','11223 Glover Branch\nEast Maximoshire, FL 13923-2928',11128,3,'Prof. Jimmy Hackett','795.108.2500x71703',2700000,'Belum Lunas',NULL,'default.jpg','2007-11-11 18:53:00','1987-07-01 05:03:22'),(186,'4153','Oswald Lubowitz','Beckerstad','2014-12-11','Laki-Laki','Islam','110 Cormier Lock Suite 494\nPort Aiyana, ID 53806',11134,11,'John Kling MD','03486627892',2700000,'Belum Lunas',NULL,'default.jpg','1970-03-21 09:51:01','2000-02-18 11:35:00'),(187,'6862','Kolby Harvey','Port Milo','2009-05-30','Perempuan','Hindu','536 Tristin Course\nPort Mayaburgh, MD 24656',11132,12,'Pattie Kutch Jr.','273-600-9162',2700000,'Lunas',NULL,'default.jpg','1980-11-24 10:17:31','2003-01-23 08:33:47'),(188,'5258','Louisa Stanton','New Marcelle','2004-10-16','Laki-Laki','Hindu','282 Gus Brook Apt. 121\nArmandshire, CT 90784-6788',11187,1,'Prof. Uriah Harvey I','1-624-510-2483',2700000,'Lunas',NULL,'default.jpg','1985-08-05 18:37:37','2010-02-10 23:57:02'),(189,'4300','Eliane Fadel','Medhurstberg','2017-04-20','Perempuan','Kristen','3173 Effertz Locks\nVadamouth, WV 93876',11166,8,'Lucinda Connelly','(425)238-2528',2700000,'Belum Lunas',NULL,'default.jpg','1984-03-29 00:37:55','2015-11-16 10:50:08'),(190,'4636','Prof. Madilyn Jacobson','Lake Tarynmouth','2017-05-24','Laki-Laki','Buddha','21574 Spinka Mill\nJacobsview, IA 54867-3791',11130,10,'Nestor Hermann','1-725-477-3756x7715',2700000,'Lunas',NULL,'default.jpg','1986-07-18 18:56:36','2009-02-15 19:13:26'),(191,'8411','Chester Spencer I','Schillerview','2008-09-06','Laki-Laki','Hindu','90289 Gussie Center Apt. 442\nSouth Guadalupeton, DE 65297',11185,11,'Webster Rogahn','987.914.8847x5406',2700000,'Belum Lunas',NULL,'default.jpg','1994-11-14 18:11:41','1992-03-10 00:58:29'),(192,'8761','Sofia Macejkovic','Joestad','1999-05-29','Perempuan','Buddha','2387 Makenna Drive\nNyahshire, MA 01510',11171,8,'Dr. Adrienne Cronin','(917)357-1835x5552',2700000,'Belum Lunas',NULL,'default.jpg','2015-02-13 16:43:06','1988-01-22 13:19:02'),(193,'4548','Prof. Dante Reynolds','South Tyrel','2000-12-03','Laki-Laki','Islam','62464 Kreiger Lodge Suite 054\nRichmondbury, WI 62377-3576',11196,8,'Darian Schimmel Sr.','104-090-9500',2700000,'Lunas',NULL,'default.jpg','2018-04-30 08:42:37','1979-03-24 03:57:43'),(194,'3984','Verla King Sr.','Medhurstburgh','2003-09-11','Perempuan','Buddha','429 Vida Rapids Suite 792\nEast Muhammadland, MI 67373-6381',11198,7,'Dr. Lenna Turner PhD','089-801-4804x276',2700000,'Belum Lunas',NULL,'default.jpg','2007-01-30 21:27:43','2014-01-28 03:36:25'),(195,'3567','Prof. Wilhelm Batz','Port Kurtborough','2012-05-23','Perempuan','Kristen','0861 Maeve Ports Suite 131\nNew Adonis, NY 11879-9449',11195,11,'Jocelyn Kovacek','03366520181',2700000,'Belum Lunas',NULL,'default.jpg','1999-04-28 01:28:55','2000-01-30 22:02:34'),(196,'9452','Trudie Harvey','Port Jayden','2011-03-26','Laki-Laki','Kong Hu Chu','190 Orlando Point\nRosendoland, HI 88206',11183,8,'Angel Reichert','1-076-235-7272',2700000,'Lunas',NULL,'default.jpg','2005-04-03 20:59:46','2013-07-14 06:27:28'),(197,'4579','Abagail Connelly','Newtonbury','2009-09-11','Perempuan','Hindu','17157 Rose Island Suite 476\nPort Marioburgh, WY 57817',11150,11,'King Durgan','08815264508',2700000,'Belum Lunas',NULL,'default.jpg','2001-09-08 01:18:20','1995-10-13 22:54:10'),(198,'8605','Armand Howell','West Abagail','2018-05-11','Perempuan','Katolik','182 Elta Mall Apt. 879\nWest Mattie, UT 73778',11194,11,'Johann Johnson','1-849-578-1809x80579',2700000,'Lunas',NULL,'default.jpg','1979-11-02 05:36:06','1986-03-24 00:04:58'),(199,'9766','Miss Katlynn Rodriguez Jr.','Bernhardton','2012-01-27','Laki-Laki','Katolik','123 Consuelo Way\nEbertmouth, WI 04697',11163,7,'Minerva Leffler','703-306-3756x358',2700000,'Belum Lunas',NULL,'default.jpg','1985-04-03 22:12:21','2004-07-30 11:24:13'),(200,'3384','George Braun','West Malcolm','2006-07-22','Laki-Laki','Kristen','051 Kovacek Ridges\nWest Dedrick, GA 62989',11135,9,'Oleta Haley','+50(6)0974469954',2700000,'Belum Lunas',NULL,'default.jpg','2001-01-17 11:43:13','1974-09-03 20:13:16');
/*!40000 ALTER TABLE `siswa` ENABLE KEYS */;
UNLOCK TABLES;

--
-- Table structure for table `tahun`
--

DROP TABLE IF EXISTS `tahun`;
/*!40101 SET @saved_cs_client     = @@character_set_client */;
/*!40101 SET character_set_client = utf8 */;
CREATE TABLE `tahun` (
  `id_tahun` int(10) unsigned NOT NULL AUTO_INCREMENT,
  `tahun` varchar(191) COLLATE utf8mb4_unicode_ci NOT NULL,
  `status` enum('Aktif','Tidak Aktif') COLLATE utf8mb4_unicode_ci NOT NULL DEFAULT 'Tidak Aktif',
  `created_at` timestamp NULL DEFAULT NULL,
  `updated_at` timestamp NULL DEFAULT NULL,
  PRIMARY KEY (`id_tahun`)
) ENGINE=InnoDB AUTO_INCREMENT=14 DEFAULT CHARSET=utf8mb4 COLLATE=utf8mb4_unicode_ci;
/*!40101 SET character_set_client = @saved_cs_client */;

--
-- Dumping data for table `tahun`
--

LOCK TABLES `tahun` WRITE;
/*!40000 ALTER TABLE `tahun` DISABLE KEYS */;
INSERT INTO `tahun` (`id_tahun`, `tahun`, `status`, `created_at`, `updated_at`) VALUES (1,'2017/2018','Aktif','2018-08-07 04:55:55','2018-08-12 03:38:50'),(3,'2018/2019','Tidak Aktif','2018-08-07 04:59:54','2018-08-08 04:42:04'),(7,'2010/2011','Tidak Aktif','2018-08-16 20:39:26','2018-08-16 20:39:26'),(8,'2011/2012','Tidak Aktif','2018-08-16 20:39:26','2018-08-16 20:39:26'),(9,'2012/2013','Tidak Aktif','2018-08-16 20:39:26','2018-08-16 20:39:26'),(10,'2013/2014','Tidak Aktif','2018-08-16 20:39:26','2018-08-16 20:39:26'),(11,'2014/2015','Tidak Aktif','2018-08-16 20:39:26','2018-08-16 20:39:26'),(12,'2015/2016','Tidak Aktif','2018-08-16 20:39:26','2018-08-16 20:39:26'),(13,'2016/2017','Tidak Aktif','2018-08-16 20:41:08','2018-08-16 20:41:08');
/*!40000 ALTER TABLE `tahun` ENABLE KEYS */;
UNLOCK TABLES;

--
-- Table structure for table `transaksi`
--

DROP TABLE IF EXISTS `transaksi`;
/*!40101 SET @saved_cs_client     = @@character_set_client */;
/*!40101 SET character_set_client = utf8 */;
CREATE TABLE `transaksi` (
  `id_transaksi` int(10) unsigned NOT NULL AUTO_INCREMENT,
  `id_siswa` int(10) unsigned NOT NULL,
  `id_kelas` int(10) unsigned NOT NULL,
  `id_tahun` int(10) unsigned NOT NULL,
  `bayar` int(11) NOT NULL,
  `tgl_bayar` date NOT NULL,
  `keterangan` text COLLATE utf8mb4_unicode_ci,
  `operator` int(10) unsigned NOT NULL,
  `created_at` timestamp NULL DEFAULT NULL,
  `updated_at` timestamp NULL DEFAULT NULL,
  PRIMARY KEY (`id_transaksi`),
  KEY `transaksi_id_siswa_foreign` (`id_siswa`),
  KEY `transaksi_id_tahun_foreign` (`id_tahun`),
  KEY `transaksi_id_user_foreign` (`operator`),
  KEY `transaksi_id_kelas_foreign` (`id_kelas`),
  CONSTRAINT `transaksi_id_kelas_foreign` FOREIGN KEY (`id_kelas`) REFERENCES `kelas` (`id_kelas`) ON DELETE NO ACTION ON UPDATE CASCADE,
  CONSTRAINT `transaksi_id_siswa_foreign` FOREIGN KEY (`id_siswa`) REFERENCES `siswa` (`id_siswa`) ON DELETE NO ACTION ON UPDATE CASCADE,
  CONSTRAINT `transaksi_id_tahun_foreign` FOREIGN KEY (`id_tahun`) REFERENCES `tahun` (`id_tahun`) ON DELETE NO ACTION ON UPDATE CASCADE,
  CONSTRAINT `transaksi_id_user_foreign` FOREIGN KEY (`operator`) REFERENCES `users` (`id`) ON DELETE NO ACTION ON UPDATE CASCADE
) ENGINE=InnoDB AUTO_INCREMENT=40 DEFAULT CHARSET=utf8mb4 COLLATE=utf8mb4_unicode_ci;
/*!40101 SET character_set_client = @saved_cs_client */;

--
-- Dumping data for table `transaksi`
--

LOCK TABLES `transaksi` WRITE;
/*!40000 ALTER TABLE `transaksi` DISABLE KEYS */;
INSERT INTO `transaksi` (`id_transaksi`, `id_siswa`, `id_kelas`, `id_tahun`, `bayar`, `tgl_bayar`, `keterangan`, `operator`, `created_at`, `updated_at`) VALUES (3,4,11174,7,450000,'2018-08-17',NULL,1,'2018-08-16 23:54:58','2018-08-16 23:54:58'),(4,35,11198,7,225000,'2018-08-17',NULL,1,'2018-08-16 23:55:16','2018-08-16 23:55:16'),(5,134,11162,10,675000,'2018-08-17',NULL,1,'2018-08-16 23:55:49','2018-08-16 23:55:49'),(6,140,11170,12,1125000,'2018-08-17',NULL,1,'2018-08-16 23:57:31','2018-08-16 23:57:31'),(7,178,11216,8,450000,'2018-08-17',NULL,1,'2018-08-16 23:57:42','2018-08-16 23:57:42'),(8,33,11128,3,675000,'2018-08-17',NULL,1,'2018-08-16 23:57:56','2018-08-16 23:57:56'),(9,37,11175,10,450000,'2018-08-17',NULL,1,'2018-08-16 23:58:22','2018-08-16 23:58:22'),(10,65,11152,1,225000,'2018-08-17',NULL,1,'2018-08-16 23:58:33','2018-08-16 23:58:33'),(11,26,11166,13,225000,'2018-08-17',NULL,1,'2018-08-16 23:58:44','2018-08-16 23:58:44'),(12,7,11154,13,450000,'2018-08-16',NULL,1,'2018-08-17 00:00:07','2018-08-17 00:00:07'),(13,1,11152,13,450000,'2018-08-16',NULL,1,'2018-08-17 00:00:21','2018-08-17 00:00:21'),(14,11,11185,13,450000,'2018-08-16',NULL,1,'2018-08-17 00:00:34','2018-08-17 00:00:34'),(15,17,11154,11,675000,'2018-08-16',NULL,1,'2018-08-17 00:01:23','2018-08-17 00:01:23'),(16,32,11218,8,450000,'2018-08-16',NULL,1,'2018-08-17 00:01:36','2018-08-17 00:01:36'),(17,53,11203,8,225000,'2018-08-16',NULL,1,'2018-08-17 00:01:49','2018-08-17 00:01:49'),(18,36,11192,10,225000,'2018-08-16',NULL,1,'2018-08-17 00:01:59','2018-08-17 00:01:59'),(19,28,11146,12,1800000,'2018-08-15',NULL,1,'2018-08-17 00:04:14','2018-08-17 00:04:14'),(20,15,11214,8,900000,'2018-08-15',NULL,1,'2018-08-17 00:04:23','2018-08-17 00:04:23'),(21,23,11146,13,225000,'2018-08-15',NULL,1,'2018-08-17 00:04:36','2018-08-17 00:04:36'),(22,7,11154,13,450000,'2018-08-14',NULL,1,'2018-08-17 00:05:23','2018-08-17 00:05:23'),(23,39,11184,13,450000,'2018-08-14',NULL,1,'2018-08-17 00:05:34','2018-08-17 00:05:34'),(24,141,11162,13,900000,'2018-08-14',NULL,1,'2018-08-17 00:06:35','2018-08-17 00:06:35'),(25,24,11135,11,225000,'2018-08-14',NULL,1,'2018-08-17 00:06:56','2018-08-17 00:06:56'),(26,12,11217,7,225000,'2018-08-14',NULL,1,'2018-08-17 00:07:06','2018-08-17 00:07:06'),(27,13,11150,9,450000,'2018-08-13',NULL,1,'2018-08-17 00:07:51','2018-08-17 00:07:51'),(28,22,11216,3,225000,'2018-07-29',NULL,1,'2018-08-17 00:08:17','2018-08-17 00:08:17'),(29,20,11182,3,225000,'2018-07-29',NULL,1,'2018-08-17 00:08:28','2018-08-17 00:08:28'),(30,118,11195,8,225000,'2018-07-29',NULL,1,'2018-08-17 00:08:40','2018-08-17 00:08:40'),(31,17,11154,11,450000,'2018-07-29',NULL,1,'2018-08-17 00:08:54','2018-08-17 00:08:54'),(32,8,11111,13,450000,'2018-07-29',NULL,1,'2018-08-17 00:09:13','2018-08-17 00:09:13'),(33,24,11135,11,450000,'2018-06-29',NULL,1,'2018-08-17 00:10:15','2018-08-17 00:10:15'),(34,48,11174,13,225000,'2018-06-29',NULL,1,'2018-08-17 00:10:31','2018-08-17 00:10:31'),(35,26,11166,13,225000,'2018-06-29',NULL,1,'2018-08-17 00:10:48','2018-08-17 00:10:48'),(36,7,11154,13,225000,'2018-08-13',NULL,1,'2018-08-17 00:11:35','2018-08-17 00:11:35'),(37,110,11190,1,225000,'2017-08-13',NULL,1,'2018-08-17 00:12:10','2018-08-17 00:12:10'),(38,183,11166,11,450000,'2017-08-13',NULL,1,'2018-08-17 00:12:18','2018-08-17 00:12:18'),(39,13,11150,9,450000,'2017-08-13',NULL,1,'2018-08-17 00:12:29','2018-08-17 00:12:29');
/*!40000 ALTER TABLE `transaksi` ENABLE KEYS */;
UNLOCK TABLES;

--
-- Table structure for table `users`
--

DROP TABLE IF EXISTS `users`;
/*!40101 SET @saved_cs_client     = @@character_set_client */;
/*!40101 SET character_set_client = utf8 */;
CREATE TABLE `users` (
  `id` int(10) unsigned NOT NULL AUTO_INCREMENT,
  `name` varchar(191) COLLATE utf8mb4_unicode_ci NOT NULL,
  `email` varchar(191) COLLATE utf8mb4_unicode_ci NOT NULL,
  `level` enum('admin','user') COLLATE utf8mb4_unicode_ci NOT NULL,
  `password` varchar(191) COLLATE utf8mb4_unicode_ci NOT NULL,
  `avatar` varchar(191) COLLATE utf8mb4_unicode_ci NOT NULL DEFAULT 'default.jpg',
  `remember_token` varchar(100) COLLATE utf8mb4_unicode_ci DEFAULT NULL,
  `created_at` timestamp NULL DEFAULT NULL,
  `updated_at` timestamp NULL DEFAULT NULL,
  PRIMARY KEY (`id`),
  UNIQUE KEY `users_email_unique` (`email`)
) ENGINE=InnoDB AUTO_INCREMENT=2 DEFAULT CHARSET=utf8mb4 COLLATE=utf8mb4_unicode_ci;
/*!40101 SET character_set_client = @saved_cs_client */;

--
-- Dumping data for table `users`
--

LOCK TABLES `users` WRITE;
/*!40000 ALTER TABLE `users` DISABLE KEYS */;
INSERT INTO `users` (`id`, `name`, `email`, `level`, `password`, `avatar`, `remember_token`, `created_at`, `updated_at`) VALUES (1,'admin','admin@admin.com','admin','$2y$10$Do6tgj6uj3.WjOPiB2cXN.EnAo613.HAYgpGUe8Jfai54ZT6ecyJu','default.jpg','1YbCNAVPdDJHUAdXnJSjUHCjkul2Spal0bu7nAMLxXYgOhTKIvIpGP6F3mAA','2018-08-07 04:55:41','2018-08-07 04:55:41');
/*!40000 ALTER TABLE `users` ENABLE KEYS */;
UNLOCK TABLES;
/*!40103 SET TIME_ZONE=@OLD_TIME_ZONE */;

/*!40101 SET SQL_MODE=@OLD_SQL_MODE */;
/*!40014 SET FOREIGN_KEY_CHECKS=@OLD_FOREIGN_KEY_CHECKS */;
/*!40014 SET UNIQUE_CHECKS=@OLD_UNIQUE_CHECKS */;
/*!40101 SET CHARACTER_SET_CLIENT=@OLD_CHARACTER_SET_CLIENT */;
/*!40101 SET CHARACTER_SET_RESULTS=@OLD_CHARACTER_SET_RESULTS */;
/*!40101 SET COLLATION_CONNECTION=@OLD_COLLATION_CONNECTION */;
/*!40111 SET SQL_NOTES=@OLD_SQL_NOTES */;

-- Dump completed on 2018-08-17 15:13:13
